Workbook

Sheet design_ranges
A1: variable | B1: min | C1: max | D1: unit | E1: description
A2: t2_days | B2: 2 | C2: 7 | D2: days | E2: Cold-drying duration before roasting
A3: T3_C | B3: 75 | C3: 85 | D3: C | E3: Phase 3 air temperature
A4: T4_C | B4: 80 | C4: 100 | D4: C | E4: Phase 4 air temperature
A5: T5_C | B5: 130 | C5: 170 | D5: C | E5: Phase 5 air temperature
A6: T6_8_C | B6: 220 | C6: 260 | D6: C | E6: Phases 6-8 air temperature range
A7: t3_min | B7: 15 | C7: 45 | D7: min | E7: Phase 3 duration
A8: t4_min | B8: 30 | C8: 90 | D8: min | E8: Phase 4 duration
A9: t5_min | B9: 12.5 | C9: 37.5 | D9: min | E9: Phase 5 duration
A10: t6_min | B10: 12.5 | C10: 37.5 | D10: min | E10: Phase 6 duration
A11: t7_min | B11: 2.5 | C11: 7.5 | D11: min | E11: Phase 7 duration
A12: t8_min | B12: 2.5 | C12: 7.5 | D12: min | E12: Phase 8 duration
A13: RH3 | B13: 1 | C13: 1 | D13: - | E13: Phase 3 relative humidity
... A15: RH5 | B15: 0.3 | C15: 0.7 | D15: - | E15: Phase 5 relative humidity

Sheet candidates
A1: idx | B1: t2_days | C1: T3_C | D1: T4_C | E1: T5_C | F1: T6_C | G1: T7_C | H1: T8_C | I1: t3_min | J1: t4_min | K1: t5_min | L1: t6_min | M1: t7_min | N1: t8_min | O1: RH3 | P1: RH4 | Q1: RH5 | R1: C_gross | S1: J_gross | T1: R_raw | U1: C_norm | V1: J_norm | W1: R_norm | X1: Phi | Y1: PC1 | Z1: PC2 | AA1: is_pareto | AB1: is_mario | AC1: is_exp_test | AD1: cluster_id | AE1: is_chef | AF1: cluster_pca | AG1: Balancedindex
A2: 0 | B2: 6.2846211 | C2: 77.288944 | D2: 81.201351 | E2: 149.33765 | F2: 236.02145 | G2: 249.62223 | H2: 257.25869 | I2: 44.798133 | J2: 83.466545 | K2: 29.700485 | L2: 34.989598 | M2: 2.8534185 | N2: 3.6972213 | O2: 1 | P2: 0.30825388 | Q2: 0.36594109 | R2: 0.001469715 | S2: 0.93681197 | T2: 785.94646 | U2: 0.76352682 | V2: 0.051383618 | W2: 0.85995216 | X2: 0.55828753 | Y2: -3.330282 | Z2: 0.7136417 | AA2: =FALSE() -> FALSE | AB2: =FALSE() -> FALSE | AC2: =FALSE() -> FALSE | AD2: -1 | AE2: =FALSE() -> FALSE | AG2: =1/3*(U2+V2+W2) -> 0.55828753
A3: 1 | B3: 6.3368559 | C3: 84.064342 | D3: 88.957824 | E3: 150.91021 | F3: 256.4904 | G3: 252.93225 | H3: 254.54453 | I3: 42.466599 | J3: 51.970696 | K3: 14.856113 | L3: 35.309869 | M3: 4.1046778 | N3: 5.4781176 | O3: 1 | P3: 0.34652111 | Q3: 0.31405352 | R3: 0.0009112226 | S3: 0.94628956 | T3: 861.07118 | U3: 0.41382483 | V3: 0.37590708 | W3: 0.72335179 | X3: 0.50436123 | Y3: -0.52724912 | Z3: -0.29200749 | AA3: =FALSE() -> FALSE | AB3: =FALSE() -> FALSE | AC3: =FALSE() -> FALSE | AD3: -1 | AE3: =FALSE() -> FALSE | AG3: =1/3*(U3+V3+W3) -> 0.50436123
A4: 2 | B4: 3.3135754 | C4: 75.844661 | D4: 86.433787 | E4: 164.35034 | F4: 226.33519 | G4: 230.62761 | H4: 232.63272 | I4: 22.440623 | J4: 37.0301 | K4: 13.056052 | L4: 21.262902 | M4: 5.9322249 | N4: 5.0411152 | O4: 1 | P4: 0.34187954 | Q4: 0.39369906 | R4: 0.00048662983 | S4: 0.95890098 | T4: 1161.9659 | U4: 0.14796455 | V4: 0.80773608 | W4: 0.17623052 | X4: 0.37731038 | Y4: 3.7744869 | Z4: 0.67672798 | AA4: =FALSE() -> FALSE | AB4: =FALSE() -> FALSE | AC4: =FALSE() -> FALSE | AD4: -1 | AE4: =FALSE() -> FALSE | AG4: =1/3*(U4+V4+W4) -> 0.37731038
A5: 3 | B5: 3.9244336 | C5: 77.735804 | D5: 92.25763 | E5: 149.21327 | F5: 245.11162 | G5: 232.76957 | H5: 249.37243 | I5: 28.183832 | J5: 55.616473 | K5: 26.955797 | L5: 27.596326 | M5: 5.1014163 | N5: 6.1279701 | O5: 1 | P5: 0.44527009 | Q5: 0.63233648 | R5: 0.0010224963 | S5: 0.9477248 | T5: 934.17094 | U5: 0.48349924 | V5: 0.42505116 | W5: 0.59043345 | X5: 0.49966128 | Y5: -0.13209595 | Z5: 0.56387542 | AA5: =FALSE() -> FALSE | AB5: =FALSE() -> FALSE | AC5: =FALSE() -> FALSE | AD5: -1 | AE5: =FALSE() -> FALSE | AG5: =1/3*(U5+V5+W5) -> 0.49966128
A6: 4 | B6: 3.8829079 | C6: 78.935675 | D6: 91.69814 | E6: 169.98319 | F6: 254.30023 | G6: 225.58384 | H6: 244.14006 | I6: 18.517537 | J6: 73.18323 | K6: 22.356832 | L6: 16.276149 | M6: 4.2330362 | N6: 5.8454158 | O6: 1 | P6: 0.40751852 | Q6: 0.39543878 | R6: 0.00086501144 | S6: 0.94984367 | T6: 892.79554 | U6: 0.38488955 | V6: 0.49760378 | W6: 0.66566695 | X6: 0.51605342 | Y6: 0.2043174 | Z6: -0.14663502 | AA6: =FALSE() -> FALSE | AB6: =FALSE() -> FALSE | AC6: =FALSE() -> FALSE | AD6: -1 | AE6: =FALSE() -> FALSE | AG6: =1/3*(U6+V6+W6) -> 0.51605342
A7: 5 | B7: 3.2204002 | C7: 83.542502 | D7: 84.91943 | E7: 159.49843 | F7: 227.00617 | G7: 251.20487 | H7: 237.65101 | I7: 41.477518 | J7: 38.926304 | K7: 35.324326 | L7: 14.634374 | M7: 7.3242855 | N7: 4.1239693 | O7: 1 | P7: 0.41155825 | Q7: 0.5794428 | R7: 0.00083736993 | S7: 0.94964579 | T7: 929.50203 | U7: 0.36758172 | V7: 0.4908281 | W7: 0.59892299 | X7: 0.48577761 | Y7: 0.46390045 | Z7: 0.0081797218 | AA7: =FALSE() -> FALSE | AB7: =FALSE() -> FALSE | AC7: =FALSE() -> FALSE | AD7: -1 | AE7: =FALSE() -> FALSE | AG7: =1/3*(U7+V7+W7) -> 0.48577761
A8: 6 | B8: 4.2283171 | C8: 83.222633 | D8: 81.640867 | E8: 157.2537 | F8: 223.96744 | G8: 248.35495 | H8: 221.50299 | I8: 29.600339 | J8: 85.118836 | K8: 23.479927 | L8: 13.481928 | M8: 7.4545998 | N8: 4.6020333 | O8: 1 | P8: 0.56637283 | Q8: 0.63192639 | R8: 0.00085575556 | S8: 0.94453426 | T8: 785.06404 | U8: 0.37909395 | V8: 0.31580336 | W8: 0.86155668 | X8: 0.518818 | Y8: -1.0966378 | Z8: -1.003455 | AA8: =FALSE() -> FALSE | AB8: =FALSE() -> FALSE | AC8: =FALSE() -> FALSE | AD8: -1 | AE8: =FALSE() -> FALSE | AG8: =1/3*(U8+V8+W8) -> 0.518818
A9: 7 | B9: 6.926055 | C9: 81.811642 | D9: 97.284444 | E9: 157.68956 | F9: 227.16958 | G9: 246.38553 | H9: 255.15358 | I9: 30.141167 | J9: 56.041055 | K9: 33.991438 | L9: 18.150685 | M9: 6.4881308 | N9: 6.6954203 | O9: 1 | P9: 0.4152138 | Q9: 0.40477761 | R9: 0.001194768 | S9: 0.94681531 | T9: 907.3329 | U9: 0.59136781 | V9: 0.39390914 | W9: 0.63923345 | X9: 0.54150347 | Y9: -0.77032859 | Z9: 0.89290121 | AA9: =FALSE() -> FALSE | AB9: =FALSE() -> FALSE | AC9: =FALSE() -> FALSE | AD9: -1 | AE9: =FALSE() -> FALSE | AG9: =1/3*(U9+V9+W9) -> 0.54150347
A10: 8 | B10: 2.7061142 | C10: 80.752073 | D10: 91.804354 | E10: 157.95312 | F10: 228.09321 | G10: 252.27436 | H10: 221.8283 | I10: 22.249126 | J10: 66.550318 | K10: 27.49599 | L10: 13.893479 | M10: 5.2017257 | N10: 5.7904882 | O10: 1 | P10: 0.67263017 | Q10: 0.30137732 | R10: 0.00062703996 | S10: 0.94990004 | T10: 896.90431 | U10: 0.23588286 | V10: 0.49953387 | W10: 0.6581959 | X10: 0.46453755 | Y10: 0.73444872 | Z10: -0.84556536 | AA10: =FALSE() -> FALSE | AB10: =FALSE() -> FALSE | AC10: =FALSE() -> FALSE | AD10: -1 | AE10: =FALSE() -> FALSE | AG10: =1/3*(U10+V10+W10) -> 0.46453755
A11: 9 | B11: 2.7460874 | C11: 77.994106 | D11: 95.262162 | E11: 131.21363 | F11: 245.64178 | G11: 252.54605 | H11: 251.23613 | I11: 27.071376 | J11: 36.027983 | K11: 29.130465 | L11: 14.03287 | M11: 7.2153952 | N11: 5.4433308 | O11: 1 | P11: 0.46092095 | Q11: 0.38626753 | R11: 0.00050751734 | S11: 0.95529167 | T11: 1023.6131 | U11: 0.16104334 | V11: 0.6841492 | W11: 0.42779951 | X11: 0.42433069 | Y11: 2.4319296 | Z11: -0.25470438 | AA11: =FALSE() -> FALSE | AB11: =FALSE() -> FALSE | AC11: =FALSE() -> FALSE | AD11: -1 | AE11: =FALSE() -> FALSE | AG11: =1/3*(U11+V11+W11) -> 0.42433069
A12: 10 | B12: 2.0903733 | C12: 79.183772 | D12: 97.916819 | E12: 159.21108 | F12: 237.17955 | G12: 228.59432 | H12: 229.45116 | I12: 37.908341 | J12: 62.874837 | K12: 16.458808 | L12: 17.591777 | M12: 6.1054939 | N12: 3.7604614 | O12: 1 | P12: 0.303369 | Q12: 0.31659768 | R12: 0.0006238192 | S12: 0.94922959 | T12: 888.3378 | U12: 0.23386617 | V12: 0.47657674 | W12: 0.67377251 | X12: 0.46140514 | Y12: 0.60550676 | Z12: -0.9266107 | AA12: =FALSE() -> FALSE | AB12: =FALSE() -> FALSE | AC12: =FALSE() -> FALSE | AD12: -1 | AE12: =FALSE() -> FALSE | AG12: =1/3*(U12+V12+W12) -> 0.46140514
A13: 11 | B13: 2.696371 | C13: 76.287075 | D13: 95.614131 | E13: 149.28387 | F13: 241.13422 | G13: 249.74693 | H13: 235.43329 | I13: 34.252424 | J13: 36.547668 | K13: 12.907376 | L13: 23.747367 | M13: 6.9932204 | N13: 5.9901885 | O13: 1 | P13: 0.43133039 | Q13: 0.5312617 | R13: 0.0005157975 | S13: 0.95491779 | T13: 1059.6387 | U13: 0.16622799 | V13: 0.67134723 | W13: 0.36229365 | X13: 0.39995629 | Y13: 2.59041 | Z13: 0.0016230255 | AA13: =FALSE() -> FALSE | AB13: =FALSE() -> FALSE | AC13: =FALSE() -> FALSE | AD13: -1 | AE13: =FALSE() -> FALSE | AG13: =1/3*(U13+V13+W13) -> 0.39995629
... A29: 27 | B29: 6.8387685 | C29: 76.989458 | D29: 85.401276 | E29: 164.25903 | F29: 249.56086 | G29: 237.51444 | H29: 250.48456 | I29: 19.749265 | J29: 58.433931 | K29: 18.356982 | L29: 16.511096 | M29: 3.5281315 | N29: 4.7425025 | O29: 1 | P29: 0.54369964 | Q29: 0.42971096 | R29: 0.00063345424 | S29: 0.95407288 | T29: 1019.9365 | U29: 0.23989918 | V29: 0.64241654 | W29: 0.43448472 | X29: 0.43893348 | Y29: 1.995136 | Z29: 0.07973983 | AA29: =FALSE() -> FALSE | AB29: =FALSE() -> FALSE | AC29: =FALSE() -> FALSE | AD29: -1 | AE29: =FALSE() -> FALSE | AG29: =1/3*(U29+V29+W29) -> 0.43893348
A30: 28 | B30: 6.4669778 | C30: 84.025854 | D30: 94.352801 | E30: 142.39477 | F30: 245.57052 | G30: 237.27048 | H30: 238.61842 | I30: 18.520511 | J30: 36.402973 | K30: 25.780782 | L30: 23.892825 | M30: 3.1279117 | N30: 3.3569109 | O30: 1 | P30: 0.43144733 | Q30: 0.31120952 | R30: 0.00064365513 | S30: 0.95677743 | T30: 1034.4965 | U30: 0.24628651 | V30: 0.73502345 | W30: 0.40801007 | X30: 0.46310667 | Y30: -0.42329995 | Z30: 0.01559738 | AA30: =TRUE() -> TRUE | AB30: =FALSE() -> FALSE | AC30: =FALSE() -> FALSE | AD30: 1 | AE30: =FALSE() -> FALSE | AF30: 1 | AG30: =1/3*(U30+V30+W30) -> 0.46310667
A31: 29 | B31: 4.7523926 | C31: 78.578475 | D31: 88.010647 | E31: 151.82163 | F31: 258.86457 | G31: 258.43158 | H31: 247.76859 | I31: 22.761196 | J31: 66.277527 | K31: 31.6211 | L31: 34.245122 | M31: 4.498785 | N31: 3.9422413 | O31: 1 | P31: 0.50834313 | Q31: 0.62656913 | R31: 0.0012887127 | S31: 0.94452089 | T31: 897.92161 | U31: 0.65019158 | V31: 0.31534555 | W31: 0.65634613 | X31: 0.54062776 | Y31: -1.3085117 | Z31: 1.0684644 | AA31: =FALSE() -> FALSE | AB31: =FALSE() -> FALSE | AC31: =FALSE() -> FALSE | AD31: -1 | AE31: =FALSE() -> FALSE | AG31: =1/3*(U31+V31+W31) -> 0.54062776
A32: 30 | B32: 4.3988167 | C32: 83.328728 | D32: 82.097147 | E32: 150.40861 | F32: 251.34963 | G32: 229.21143 | H32: 224.12246 | I32: 30.224119 | J32: 54.052577 | K32: 22.092147 | L32: 14.775352 | M32: 5.6800523 | N32: 5.6648318 | O32: 1 | P32: 0.34860126 | Q32: 0.42654389 | R32: 0.00066133506 | S32: 0.95163762 | T32: 931.87934 | U32: 0.25735686 | V32: 0.55903044 | W32: 0.59460031 | X32: 0.4703292 | Y32: 1.0930593 | Z32: -0.47145795 | AA32: =FALSE() -> FALSE | AB32: =FALSE() -> FALSE | AC32: =FALSE() -> FALSE | AD32: -1 | AE32: =FALSE() -> FALSE | AG32: =1/3*(U32+V32+W32) -> 0.4703292
A33: 31 | B33: 6.3816519 | C33: 83.579 | D33: 84.683603 | E33: 146.26296 | F33: 231.97905 | G33: 239.89952 | H33: 230.29541 | I33: 16.327605 | J33: 42.224878 | K33: 24.379221 | L33: 35.950289 | M33: 3.9852362 | N33: 5.5382991 | O33: 1 | P33: 0.56901339 | Q33: 0.31876599 | R33: 0.00089468369 | S33: 0.95235069 | T33: 1018.1641 | U33: 0.40346893 | V33: 0.58344683 | W33: 0.43770752 | X33: 0.47487443 | Y33: 1.2248101 | Z33: 0.82957837 | AA33: =FALSE() -> FALSE | AB33: =FALSE() -> FALSE | AC33: =FALSE() -> FALSE | AD33: -1 | AE33: =FALSE() -> FALSE | AG33: =1/3*(U33+V33+W33) -> 0.47487443
A34: 32 | B34: 4.1041866 | C34: 80.896679 | D34: 85.922805 | E34: 156.11908 | F34: 238.04337 | G34: 251.63732 | H34: 253.60716 | I34: 31.283641 | J34: 39.821744 | K34: 19.780489 | L34: 30.461125 | M34: 6.1399411 | N34: 3.1382293 | O34: 1 | P34: 0.52034328 | Q34: 0.45778802 | R34: 0.00070706063 | S34: 0.95213889 | T34: 1002.4085 | U34: 0.28598808 | V34: 0.57619448 | W34: 0.46635621 | X34: 0.44284626 | Y34: 1.4940361 | Z34: 0.14700291 | AA34: =FALSE() -> FALSE | AB34: =FALSE() -> FALSE | AC34: =FALSE() -> FALSE | AD34: -1 | AE34: =FALSE() -> FALSE | AG34: =1/3*(U34+V34+W34) -> 0.44284626
A35: 33 | B35: 3.2295277 | C35: 83.887524 | D35: 89.511194 | E35: 144.0364 | F35: 231.76405 | G35: 255.16389 | H35: 248.22698 | I35: 31.788673 | J35: 46.678073 | K35: 14.109736 | L35: 28.914365 | M35: 2.691823 | N35: 7.4823807 | O35: 1 | P35: 0.35298644 | Q35: 0.34413271 | R35: 0.00063212893 | S35: 0.9520458 | T35: 935.69038 | U35: 0.23906933 | V35: 0.57300718 | W35: 0.58767064 | X35: 0.46658238 | Y35: 1.2281082 | Z35: -0.52670126 | AA35: =FALSE() -> FALSE | AB35: =FALSE() -> FALSE | AC35: =FALSE() -> FALSE | AD35: -1 | AE35: =FALSE() -> FALSE | AG35: =1/3*(U35+V35+W35) -> 0.46658238
A36: 34 | B36: 2.194056 | C36: 81.283765 | D36: 99.780041 | E36: 137.72826 | F36: 258.11776 | G36: 240.22795 | H36: 252.22114 | I36: 39.645477 | J36: 35.930617 | K36: 19.487105 | L36: 33.582828 | M36: 2.6516413 | N36: 6.5470549 | O36: 1 | P36: 0.52898232 | Q36: 0.37621411 | R36: 0.00062680628 | S36: 0.95079323 | T36: 959.37238 | U36: 0.23573654 | V36: 0.53011775 | W36: 0.54460932 | X36: 0.4368212 | Y36: 1.2303447 | Z36: -0.41267519 | AA36: =FALSE() -> FALSE | AB36: =FALSE() -> FALSE | AC36: =FALSE() -> FALSE | AD36: -1 | AE36: =FALSE() -> FALSE | AG36: =1/3*(U36+V36+W36) -> 0.4368212
A37: 35 | B37: 3.3455758 | C37: 81.394291 | D37: 81.298059 | E37: 134.28811 | F37: 233.3567 | G37: 233.19816 | H37: 238.89878 | I37: 24.232623 | J37: 67.807843 | K37: 28.231205 | L37: 31.886322 | M37: 6.7576482 | N37: 6.3492558 | O37: 1 | P37: 0.63999826 | Q37: 0.46962946 | R37: 0.0009414464 | S37: 0.94438813 | T37: 869.36539 | U37: 0.43274957 | V37: 0.31079997 | W37: 0.70827031 | X37: 0.48393995 | Y37: -0.77442567 | Z37: -0.18532444 | AA37: =FALSE() -> FALSE | AB37: =FALSE() -> FALSE | AC37: =FALSE() -> FALSE | AD37: -1 | AE37: =FALSE() -> FALSE | AG37: =1/3*(U37+V37+W37) -> 0.48393995
A38: 36 | B38: 5.6968377 | C38: 82.542361 | D38: 92.337588 | E38: 162.88678 | F38: 236.6747 | G38: 228.78174 | H38: 220.96339 | I38: 33.093464 | J38: 52.513583 | K38: 23.136379 | L38: 24.027637 | M38: 4.2459332 | N38: 6.3478987 | O38: 1 | P38: 0.46015161 | Q38: 0.44439923 | R38: 0.00088285246 | S38: 0.94885591 | T38: 910.29026 | U38: 0.39606077 | V38: 0.4637817 | W38: 0.63385605 | X38: 0.4978995 | Y38: 0.15270026 | Z38: 0.0028152269 | AA38: =FALSE() -> FALSE | AB38: =FALSE() -> FALSE | AC38: =FALSE() -> FALSE | AD38: -1 | AE38: =FALSE() -> FALSE | AG38: =1/3*(U38+V38+W38) -> 0.4978995
A39: 37 | B39: 4.2354678 | C39: 78.527303 | D39: 80.791927 | E39: 135.60573 | F39: 224.68024 | G39: 229.51598 | H39: 239.0318 | I39: 22.015863 | J39: 58.81118 | K39: 29.960394 | L39: 37.445457 | M39: 3.5695376 | N39: 2.915431 | O39: 1 | P39: 0.3909921 | Q39: 0.33315894 | R39: 0.0010312346 | S39: 0.9465123 | T39: 938.92656 | U39: 0.48897076 | V39: 0.38353377 | W39: 0.58178625 | X39: 0.48476359 | Y39: -0.27096358 | Z39: 0.59616446 | AA39: =FALSE() -> FALSE | AB39: =FALSE() -> FALSE | AC39: =FALSE() -> FALSE | AD39: -1 | AE39: =FALSE() -> FALSE | AG39: =1/3*(U39+V39+W39) -> 0.48476359
A40: 38 | B40: 2.4073382 | C40: 81.910859 | D40: 94.76624 | E40: 148.95779 | F40: 231.20863 | G40: 231.97001 | H40: 253.48578 | I40: 27.469509 | J40: 56.221648 | K40: 35.843871 | L40: 37.479837 | M40: 5.2630802 | N40: 6.4098954 | O40: 1 | P40: 0.36136811 | Q40: 0.39619113 | R40: 0.001313415 | S40: 0.94388146 | T40: 902.16916 | U40: 0.66565905 | V40: 0.29345084 | W40: 0.64862275 | X40: 0.53591088 | Y40: -1.4130614 | Z40: 1.1584556 | AA40: =FALSE() -> FALSE | AB40: =FALSE() -> FALSE | AC40: =FALSE() -> FALSE | AD40: -1 | AE40: =FALSE() -> FALSE | AG40: =1/3*(U40+V40+W40) -> 0.53591088
A41: 39 | B41: 2.6843082 | C41: 78.872287 | D41: 94.646306 | E41: 137.06989 | F41: 224.35719 | G41: 236.79643 | H41: 252.65023 | I41: 22.614336 | J41: 37.794193 | K41: 13.749094 | L41: 36.02606 | M41: 4.2847112 | N41: 3.84964 | O41: 1 | P41: 0.49736794 | Q41: 0.43607211 | R41: 0.00059422151 | S41: 0.95545685 | T41: 1041.4462 | U41: 0.21533347 | V41: 0.68980514 | W41: 0.3953734 | X41: 0.433504 | Y41: 2.3808671 | Z41: 0.13218066 | AA41: =FALSE() -> FALSE | AB41: =FALSE() -> FALSE | AC41: =FALSE() -> FALSE | AD41: -1 | AE41: =FALSE() -> FALSE | AG41: =1/3*(U41+V41+W41) -> 0.433504
A42: 40 | B42: 6.5017754 | C42: 80.367018 | D42: 89.269594 | E42: 154.47781 | F42: 253.86256 | G42: 224.33782 | H42: 232.3027 | I42: 43.444872 | J42: 79.377554 | K42: 12.545324 | L42: 30.350485 | M42: 7.0939626 | N42: 7.2311882 | O42: 1 | P42: 0.37265123 | Q42: 0.48685359 | R42: 0.001122141 | S42: 0.94069402 | T42: 778.48806 | U42: 0.54589211 | V42: 0.18430926 | W42: 0.87351387 | X42: 0.53457175 | Y42: -2.169198 | Z42: -0.31510055 | AA42: =FALSE() -> FALSE | AB42: =FALSE() -> FALSE | AC42: =FALSE() -> FALSE | AD42: -1 | AE42: =FALSE() -> FALSE | AG42: =1/3*(U42+V42+W42) -> 0.53457175
... A53: 51 | B53: 3.180072 | C53: 84.968154 | D53: 81.277649 | E53: 142.5233 | F53: 254.94424 | G53: 222.37874 | H53: 253.65682 | I53: 28.494307 | J53: 54.083178 | K53: 23.890472 | L53: 18.918213 | M53: 4.6667623 | N53: 7.0919171 | O53: 1 | P53: 0.56808259 | Q53: 0.5539796 | R53: 0.00065768428 | S53: 0.95074696 | T53: 911.70857 | U53: 0.25507091 | V53: 0.52853314 | W53: 0.6312771 | X53: 0.47162705 | Y53: 0.86627758 | Z53: -0.63552828 | AA53: =FALSE() -> FALSE | AB53: =FALSE() -> FALSE | AC53: =FALSE() -> FALSE | AD53: -1 | AE53: =FALSE() -> FALSE | AG53: =1/3*(U53+V53+W53) -> 0.47162705
A54: 52 | B54: 5.0023393 | C54: 84.3358 | D54: 96.015325 | E54: 152.19579 | F54: 238.56374 | G54: 221.6748 | H54: 228.20699 | I54: 16.180893 | J54: 80.652038 | K54: 12.816228 | L54: 28.766984 | M54: 4.5447249 | N54: 2.692847 | O54: 1 | P54: 0.50629799 | Q54: 0.6542666 | R54: 0.00089989234 | S54: 0.94843248 | T54: 823.00363 | U54: 0.40673035 | V54: 0.44928294 | W54: 0.79257057 | X54: 0.54952795 | Y54: 0.059595462 | Z54: -0.12646726 | AA54: =TRUE() -> TRUE | AB54: =FALSE() -> FALSE | AC54: =FALSE() -> FALSE | AD54: 2 | AE54: =FALSE() -> FALSE | AF54: 2 | AG54: =1/3*(U54+V54+W54) -> 0.54952795
A55: 53 | B55: 4.9604033 | C55: 80.78836 | D55: 96.875537 | E55: 157.35552 | F55: 226.66262 | G55: 255.61393 | H55: 259.21474 | I55: 37.923611 | J55: 56.093026 | K55: 27.615834 | L55: 30.232781 | M55: 4.6595438 | N55: 4.7187752 | O55: 1 | P55: 0.65383222 | Q55: 0.51663225 | R55: 0.00097255418 | S55: 0.94494166 | T55: 885.04118 | U55: 0.45222782 | V55: 0.32975326 | W55: 0.67976681 | X55: 0.4872493 | Y55: -0.67446549 | Z55: 0.025626769 | AA55: =FALSE() -> FALSE | AB55: =FALSE() -> FALSE | AC55: =FALSE() -> FALSE | AD55: -1 | AE55: =FALSE() -> FALSE | AG55: =1/3*(U55+V55+W55) -> 0.4872493
A56: 54 | B56: 6.1807874 | C56: 76.420769 | D56: 81.300123 | E56: 132.20053 | F56: 230.0324 | G56: 256.32472 | H56: 239.08889 | I56: 37.54851 | J56: 87.267417 | K56: 28.265387 | L56: 16.209249 | M56: 2.8680874 | N56: 4.3622201 | O56: 1 | P56: 0.5407928 | Q56: 0.6868417 | R56: 0.00088904653 | S56: 0.94147603 | T56: 783.10168 | U56: 0.3999392 | V56: 0.21108614 | W56: 0.86512487 | X56: 0.49205007 | Y56: -1.5564508 | Z56: -0.9802291 | AA56: =FALSE() -> FALSE | AB56: =FALSE() -> FALSE | AC56: =FALSE() -> FALSE | AD56: -1 | AE56: =FALSE() -> FALSE | AG56: =1/3*(U56+V56+W56) -> 0.49205007
A57: 55 | B57: 4.0080042 | C57: 82.747816 | D57: 81.801068 | E57: 164.13299 | F57: 238.47538 | G57: 251.02493 | H57: 221.00974 | I57: 21.696504 | J57: 58.480579 | K57: 36.721963 | L57: 37.060913 | M57: 7.0812155 | N57: 2.842921 | O57: 1 | P57: 0.3822143 | Q57: 0.57725133 | R57: 0.0014788503 | S57: 0.94454607 | T57: 930.7186 | U57: 0.76924691 | V57: 0.31620797 | W57: 0.5967109 | X57: 0.56072193 | Y57: 0.22539792 | Z57: 0.26506669 | AA57: =TRUE() -> TRUE | AB57: =FALSE() -> FALSE | AC57: =FALSE() -> FALSE | AD57: 0 | AE57: =FALSE() -> FALSE | AF57: 0 | AG57: =1/3*(U57+V57+W57) -> 0.56072193
A58: 56 | B58: 5.645684 | C58: 77.048667 | D58: 99.638785 | E58: 154.81556 | F58: 228.89922 | G58: 227.25875 | H58: 258.79028 | I58: 25.537884 | J58: 42.440979 | K58: 17.693406 | L58: 29.785037 | M58: 5.2954201 | N58: 4.0763251 | O58: 1 | P58: 0.32951308 | Q58: 0.4674342 | R58: 0.00082046685 | S58: 0.95333443 | T58: 1025.5691 | U58: 0.3569978 | V58: 0.61713121 | W58: 0.42424288 | X58: 0.46612396 | Y58: 1.5473246 | Z58: 0.67292765 | AA58: =FALSE() -> FALSE | AB58: =FALSE() -> FALSE | AC58: =FALSE() -> FALSE | AD58: -1 | AE58: =FALSE() -> FALSE | AG58: =1/3*(U58+V58+W58) -> 0.46612396
A59: 57 | B59: 3.1774514 | C59: 84.75703 | D59: 85.169775 | E59: 163.62578 | F59: 234.69674 | G59: 251.987 | H59: 237.85625 | I59: 22.743354 | J59: 39.318484 | K59: 28.472623 | L59: 28.824585 | M59: 6.884319 | N59: 7.4989391 | O59: 1 | P59: 0.44495726 | Q59: 0.58528269 | R59: 0.00097094807 | S59: 0.95155666 | T59: 1002.8486 | U59: 0.45122215 | V59: 0.55625848 | W59: 0.46555595 | X59: 0.49101219 | Y59: 0.87271353 | Z59: 0.94406625 | AA59: =FALSE() -> FALSE | AB59: =FALSE() -> FALSE | AC59: =FALSE() -> FALSE | AD59: -1 | AE59: =FALSE() -> FALSE | AG59: =1/3*(U59+V59+W59) -> 0.49101219
A60: 58 | B60: 4.4060461 | C60: 84.089346 | D60: 82.11966 | E60: 136.11079 | F60: 234.19417 | G60: 254.79231 | H60: 244.77732 | I60: 40.605999 | J60: 52.483003 | K60: 19.454328 | L60: 24.55384 | M60: 7.1353072 | N60: 3.2678343 | O60: 1 | P60: 0.67976909 | Q60: 0.43263049 | R60: 0.00056783672 | S60: 0.94810975 | T60: 853.87758 | U60: 0.19881254 | V60: 0.43823241 | W60: 0.73643202 | X60: 0.45782566 | Y60: 0.37180788 | Z60: -1.3503602 | AA60: =FALSE() -> FALSE | AB60: =FALSE() -> FALSE | AC60: =FALSE() -> FALSE | AD60: -1 | AE60: =FALSE() -> FALSE | AG60: =1/3*(U60+V60+W60) -> 0.45782566
A61: 59 | B61: 4.5137312 | C61: 82.244624 | D61: 82.500292 | E61: 132.66035 | F61: 249.68364 | G61: 227.85248 | H61: 252.67046 | I61: 15.204588 | J61: 56.855383 | K61: 27.151654 | L61: 28.848358 | M61: 3.4908261 | N61: 7.1355923 | O61: 1 | P61: 0.5569215 | Q61: 0.41952441 | R61: 0.0008232108 | S61: 0.95013837 | T61: 949.57301 | U61: 0.35871593 | V61: 0.50769451 | W61: 0.56242765 | X61: 0.47627936 | Y61: 0.67811257 | Z61: 0.10862126 | AA61: =FALSE() -> FALSE | AB61: =FALSE() -> FALSE | AC61: =FALSE() -> FALSE | AD61: -1 | AE61: =FALSE() -> FALSE | AG61: =1/3*(U61+V61+W61) -> 0.47627936
A62: 60 | B62: 5.4298096 | C62: 77.380293 | D62: 85.445172 | E62: 152.44568 | F62: 224.53416 | G62: 244.60739 | H62: 241.29319 | I62: 15.836184 | J62: 87.748127 | K62: 16.937156 | L62: 25.291977 | M62: 5.2148426 | N62: 4.6714756 | O62: 1 | P62: 0.57968261 | Q62: 0.32100851 | R62: 0.00088529098 | S62: 0.94608677 | T62: 848.52129 | U62: 0.39758765 | V62: 0.36896309 | W62: 0.74617145 | X62: 0.50424073 | Y62: -0.57541459 | Z62: -0.45888365 | AA62: =FALSE() -> FALSE | AB62: =FALSE() -> FALSE | AC62: =FALSE() -> FALSE | AD62: -1 | AE62: =FALSE() -> FALSE | AG62: =1/3*(U62+V62+W62) -> 0.50424073
A63: 61 | B63: 3.9836395 | C63: 77.249419 | D63: 86.646514 | E63: 168.67066 | F63: 256.15405 | G63: 233.23946 | H63: 243.5076 | I63: 20.469546 | J63: 31.590453 | K63: 30.888659 | L63: 22.317046 | M63: 5.30763 | N63: 2.779649 | O63: 1 | P63: 0.37175194 | Q63: 0.46259708 | R63: 0.00075700128 | S63: 0.95650895 | T63: 1123.9978 | U63: 0.3172586 | V63: 0.7258304 | W63: 0.24526853 | X63: 0.42945251 | Y63: 2.6791554 | Z63: 1.2000056 | AA63: =FALSE() -> FALSE | AB63: =FALSE() -> FALSE | AC63: =FALSE() -> FALSE | AD63: -1 | AE63: =FALSE() -> FALSE | AG63: =1/3*(U63+V63+W63) -> 0.42945251
A64: 62 | B64: 3.5297342 | C64: 77.099546 | D64: 82.222664 | E64: 135.22586 | F64: 228.98205 | G64: 222.31091 | H64: 251.95046 | I64: 26.20342 | J64: 59.697192 | K64: 27.79984 | L64: 15.177931 | M64: 4.4493675 | N64: 3.6324141 | O64: 1 | P64: 0.483183 | Q64: 0.59851451 | R64: 0.00065303055 | S64: 0.95072247 | T64: 949.61509 | U64: 0.25215696 | V64: 0.52769483 | W64: 0.56235114 | X64: 0.44740098 | Y64: 1.1066018 | Z64: -0.39877101 | AA64: =FALSE() -> FALSE | AB64: =FALSE() -> FALSE | AC64: =FALSE() -> FALSE | AD64: -1 | AE64: =FALSE() -> FALSE | AG64: =1/3*(U64+V64+W64) -> 0.44740098
A65: 63 | B65: 6.7347252 | C65: 80.400959 | D65: 89.105294 | E65: 142.27718 | F65: 256.94911 | G65: 250.99502 | H65: 254.16254 | I65: 21.764983 | J65: 72.148471 | K65: 15.338689 | L65: 27.78775 | M65: 4.9043274 | N65: 4.7357593 | O65: 1 | P65: 0.33721437 | Q65: 0.61111736 | R65: 0.00099348531 | S65: 0.94794493 | T65: 870.15129 | U65: 0.46533392 | V65: 0.43258852 | W65: 0.70684131 | X65: 0.53492125 | Y65: -0.43874006 | Z65: 0.055148931 | AA65: =FALSE() -> FALSE | AB65: =FALSE() -> FALSE | AC65: =FALSE() -> FALSE | AD65: -1 | AE65: =FALSE() -> FALSE | AG65: =1/3*(U65+V65+W65) -> 0.53492125
A66: 64 | B66: 2.7556986 | C66: 76.527901 | D66: 91.859888 | E66: 148.65026 | F66: 234.07447 | G66: 254.98698 | H66: 229.08345 | I66: 31.770884 | J66: 73.808861 | K66: 15.826089 | L66: 29.779456 | M66: 4.0001558 | N66: 3.0683466 | O66: 1 | P66: 0.61911134 | Q66: 0.66046919 | R66: 0.00073098341 | S66: 0.9460405 | T66: 860.0213 | U66: 0.30096742 | V66: 0.36737884 | W66: 0.72526082 | X66: 0.46453569 | Y66: -0.18744634 | Z66: -0.85523977 | AA66: =FALSE() -> FALSE | AB66: =FALSE() -> FALSE | AC66: =FALSE() -> FALSE | AD66: -1 | AE66: =FALSE() -> FALSE | AG66: =1/3*(U66+V66+W66) -> 0.46453569
A67: 65 | B67: 3.8704816 | C67: 79.42683 | D67: 97.510242 | E67: 146.33746 | F67: 238.14603 | G67: 240.57891 | H67: 254.04928 | I67: 41.572338 | J67: 71.07416 | K67: 27.811653 | L67: 23.287514 | M67: 6.586671 | N67: 2.9252142 | O67: 1 | P67: 0.64158828 | Q67: 0.63827824 | R67: 0.00093782003 | S67: 0.94258057 | T67: 831.36282 | U67: 0.43047891 | V67: 0.24890704 | W67: 0.77737094 | X67: 0.48558563 | Y67: -1.2245063 | Z67: -0.48727453 | AA67: =FALSE() -> FALSE | AB67: =FALSE() -> FALSE | AC67: =FALSE() -> FALSE | AD67: -1 | AE67: =FALSE() -> FALSE | AG67: =1/3*(U67+V67+W67) -> 0.48558563
A68: 66 | B68: 3.7087228 | C68: 82.992962 | D68: 84.581683 | E68: 132.58773 | F68: 235.10266 | G68: 231.25926 | H68: 247.4513 | I68: 42.196313 | J68: 88.950142 | K68: 19.229731 | L68: 18.956758 | M68: 3.3183632 | N68: 7.4883024 | O68: 1 | P68: 0.46050981 | Q68: 0.49729346 | R68: 0.00079811936 | S68: 0.94118878 | T68: 708.92576 | U68: 0.34300484 | V68: 0.20125064 | W68: 1 | X68: 0.51475183 | Y68: 0.30022748 | Z68: -0.32787961 | AA68: =TRUE() -> TRUE | AB68: =FALSE() -> FALSE | AC68: =FALSE() -> FALSE | AD68: 0 | AE68: =FALSE() -> FALSE | AF68: 0 | AG68: =1/3*(U68+V68+W68) -> 0.51475183
A69: 67 | B69: 4.5795857 | C69: 80.519799 | D69: 84.410648 | E69: 135.4768 | F69: 231.2889 | G69: 233.34523 | H69: 224.61514 | I69: 36.55214 | J69: 30.919705 | K69: 24.983069 | L69: 13.552782 | M69: 5.7178825 | N69: 6.9644075 | O69: 1 | P69: 0.54673532 | Q69: 0.31280732 | R69: 0.00042596504 | S69: 0.95503818 | T69: 1027.1725 | U69: 0.10997908 | V69: 0.67546962 | W69: 0.42132743 | X69: 0.40225871 | Y69: 2.5931378 | Z69: -0.48579636 | AA69: =FALSE() -> FALSE | AB69: =FALSE() -> FALSE | AC69: =FALSE() -> FALSE | AD69: -1 | AE69: =FALSE() -> FALSE | AG69: =1/3*(U69+V69+W69) -> 0.40225871
A70: 68 | B70: 2.0797995 | C70: 79.962136 | D70: 91.541583 | E70: 142.69881 | F70: 252.16846 | G70: 226.88652 | H70: 244.53286 | I70: 23.436513 | J70: 55.106121 | K70: 23.28319 | L70: 16.012605 | M70: 4.3697103 | N70: 2.8180186 | O70: 1 | P70: 0.5651598 | Q70: 0.46330465 | R70: 0.00053845027 | S70: 0.95390154 | T70: 958.14821 | U70: 0.18041211 | V70: 0.63654959 | W70: 0.54683525 | X70: 0.45459898 | Y70: 1.791907 | Z70: -0.62428623 | AA70: =FALSE() -> FALSE | AB70: =FALSE() -> FALSE | AC70: =FALSE() -> FALSE | AD70: -1 | AE70: =FALSE() -> FALSE | AG70: =1/3*(U70+V70+W70) -> 0.45459898
A71: 69 | B71: 3.4414786 | C71: 79.632386 | D71: 99.96157 | E71: 144.29889 | F71: 222.93636 | G71: 246.4155 | H71: 237.01712 | I71: 29.297956 | J71: 53.952355 | K71: 27.214181 | L71: 18.402077 | M71: 2.5373049 | N71: 3.0539497 | O71: 1 | P71: 0.43801748 | Q71: 0.61956831 | R71: 0.00078440746 | S71: 0.95133449 | T71: 935.2166 | U71: 0.33441908 | V71: 0.54865087 | W71: 0.58853211 | X71: 0.49053402 | Y71: 0.81868222 | Z71: -0.07961799 | AA71: =FALSE() -> FALSE | AB71: =FALSE() -> FALSE | AC71: =FALSE() -> FALSE | AD71: -1 | AE71: =FALSE() -> FALSE | AG71: =1/3*(U71+V71+W71) -> 0.49053402
A72: 70 | B72: 6.2595488 | C72: 80.221148 | D72: 95.274338 | E72: 162.70652 | F72: 242.84117 | G72: 244.43643 | H72: 231.38234 | I72: 42.823584 | J72: 51.101682 | K72: 24.616117 | L72: 21.021098 | M72: 6.9619817 | N72: 3.5808397 | O72: 1 | P72: 0.30245315 | Q72: 0.51763801 | R72: 0.00098030887 | S72: 0.9472233 | T72: 901.56373 | U72: 0.45708345 | V72: 0.40787933 | W72: 0.64972361 | X72: 0.50489546 | Y72: -0.30679271 | Z72: 0.20783338 | AA72: =FALSE() -> FALSE | AB72: =FALSE() -> FALSE | AC72: =FALSE() -> FALSE | AD72: -1 | AE72: =FALSE() -> FALSE | AG72: =1/3*(U72+V72+W72) -> 0.50489546
A73: 71 | B73: 2.6239534 | C73: 83.026619 | D73: 84.060739 | E73: 154.91673 | F73: 231.24763 | G73: 247.44208 | H73: 254.142 | I73: 24.345628 | J73: 88.16787 | K73: 32.64708 | L73: 28.606015 | M73: 4.9541311 | N73: 2.9713686 | O73: 1 | P73: 0.6660806 | Q73: 0.36543828 | R73: 0.0009874809 | S73: 0.94113132 | T73: 793.48866 | U73: 0.46157424 | V73: 0.19928303 | W73: 0.84623808 | X73: 0.50236511 | Y73: -1.7409774 | Z73: -0.61781568 | AA73: =FALSE() -> FALSE | AB73: =FALSE() -> FALSE | AC73: =FALSE() -> FALSE | AD73: -1 | AE73: =FALSE() -> FALSE | AG73: =1/3*(U73+V73+W73) -> 0.50236511
A74: 72 | B74: 3.5581274 | C74: 81.136765 | D74: 81.347843 | E74: 140.69389 | F74: 252.20777 | G74: 251.86319 | H74: 238.84133 | I74: 17.947446 | J74: 85.331417 | K74: 36.494825 | L74: 27.056566 | M74: 2.5175239 | N74: 5.797015 | O74: 1 | P74: 0.44685336 | Q74: 0.64662221 | R74: 0.0012960683 | S74: 0.94225414 | T74: 834.72285 | U74: 0.65479731 | V74: 0.23772977 | W74: 0.77126134 | X74: 0.55459614 | Y74: -1.9936153 | Z74: 0.62307127 | AA74: =FALSE() -> FALSE | AB74: =FALSE() -> FALSE | AC74: =FALSE() -> FALSE | AD74: -1 | AE74: =FALSE() -> FALSE | AG74: =1/3*(U74+V74+W74) -> 0.55459614
A75: 73 | B75: 6.3497615 | C75: 76.511842 | D75: 87.330229 | E75: 149.1563 | F75: 259.02148 | G75: 254.8616 | H75: 223.81187 | I75: 29.940952 | J75: 34.124072 | K75: 17.286621 | L75: 14.614534 | M75: 3.532408 | N75: 5.0577228 | O75: 1 | P75: 0.56663843 | Q75: 0.6354293 | R75: 0.00038904371 | S75: 0.95855069 | T75: 1149.691 | U75: 0.086860658 | V75: 0.79574175 | W75: 0.19855023 | X75: 0.36038421 | Y75: 3.8596846 | Z75: 0.28949269 | AA75: =FALSE() -> FALSE | AB75: =FALSE() -> FALSE | AC75: =FALSE() -> FALSE | AD75: -1 | AE75: =FALSE() -> FALSE | AG75: =1/3*(U75+V75+W75) -> 0.36038421
A76: 74 | B76: 5.3807036 | C76: 81.149002 | D76: 92.062405 | E76: 138.58854 | F76: 229.96348 | G76: 257.69487 | H76: 237.10823 | I76: 37.692474 | J76: 62.270274 | K76: 15.673182 | L76: 36.057878 | M76: 6.9510262 | N76: 3.6881378 | O76: 1 | P76: 0.68931776 | Q76: 0.64702696 | R76: 0.00082190687 | S76: 0.94463259 | T76: 849.15109 | U76: 0.35789947 | V76: 0.3191706 | W76: 0.74502628 | X76: 0.47403211 | Y76: -0.61870454 | Z76: -0.67960023 | AA76: =FALSE() -> FALSE | AB76: =FALSE() -> FALSE | AC76: =FALSE() -> FALSE | AD76: -1 | AE76: =FALSE() -> FALSE | AG76: =1/3*(U76+V76+W76) -> 0.47403211
A77: 75 | B77: 3.2360975 | C77: 76.870078 | D77: 94.085728 | E77: 137.3517 | F77: 246.93293 | G77: 237.58875 | H77: 247.50521 | I77: 30.306112 | J77: 71.150166 | K77: 36.168402 | L77: 27.854344 | M77: 5.1695406 | N77: 3.1236717 | O77: 1 | P77: 0.3661066 | Q77: 0.59667128 | R77: 0.0013022547 | S77: 0.94261312 | T77: 859.59853 | U77: 0.65867096 | V77: 0.25002166 | W77: 0.72602953 | X77: 0.54490738 | Y77: -1.8088714 | Z77: 0.81471928 | AA77: =FALSE() -> FALSE | AB77: =FALSE() -> FALSE | AC77: =FALSE() -> FALSE | AD77: -1 | AE77: =FALSE() -> FALSE | AG77: =1/3*(U77+V77+W77) -> 0.54490738
A78: 76 | B78: 4.2872532 | C78: 80.279918 | D78: 89.500276 | E78: 142.00182 | F78: 244.65063 | G78: 244.17359 | H78: 222.90106 | I78: 17.700222 | J78: 82.749688 | K78: 21.996613 | L78: 16.413578 | M78: 5.8670949 | N78: 4.4103839 | O78: 1 | P78: 0.53802416 | Q78: 0.50429722 | R78: 0.0008301095 | S78: 0.94775801 | T78: 832.15176 | U78: 0.36303557 | V78: 0.42618822 | W78: 0.7759364 | X78: 0.52172006 | Y78: -0.35425105 | Z78: -0.70036421 | AA78: =FALSE() -> FALSE | AB78: =FALSE() -> FALSE | AC78: =FALSE() -> FALSE | AD78: -1 | AE78: =FALSE() -> FALSE | AG78: =1/3*(U78+V78+W78) -> 0.52172006
A79: 77 | B79: 2.4030882 | C79: 77.743161 | D79: 94.704658 | E79: 167.50226 | F79: 250.31483 | G79: 228.01908 | H79: 249.72968 | I79: 17.520243 | J79: 42.292448 | K79: 19.098199 | L79: 35.180003 | M79: 6.9992533 | N79: 4.8507517 | O79: 1 | P79: 0.69184164 | Q79: 0.48354041 | R79: 0.00073533458 | S79: 0.95360707 | T79: 1034.2455 | U79: 0.30369192 | V79: 0.62646656 | W79: 0.40846639 | X79: 0.44620829 | Y79: 1.8125998 | Z79: 0.4761146 | AA79: =FALSE() -> FALSE | AB79: =FALSE() -> FALSE | AC79: =FALSE() -> FALSE | AD79: -1 | AE79: =FALSE() -> FALSE | AG79: =1/3*(U79+V79+W79) -> 0.44620829
A80: 78 | B80: 2.2817665 | C80: 76.202895 | D80: 86.821329 | E80: 165.73009 | F80: 221.51562 | G80: 238.5348 | H80: 242.15384 | I80: 44.09073 | J80: 47.739726 | K80: 20.578728 | L80: 35.116046 | M80: 7.3841581 | N80: 5.9470718 | O80: 1 | P80: 0.35811429 | Q80: 0.44517053 | R80: 0.00090967957 | S80: 0.94558814 | T80: 941.23017 | U80: 0.41285866 | V80: 0.35188954 | W80: 0.57759755 | X80: 0.44744858 | Y80: -0.11672038 | Z80: 0.22009845 | AA80: =FALSE() -> FALSE | AB80: =FALSE() -> FALSE | AC80: =FALSE() -> FALSE | AD80: -1 | AE80: =FALSE() -> FALSE | AG80: =1/3*(U80+V80+W80) -> 0.44744858
... A87: 85 | B87: 2.284632 | C87: 76.789174 | D87: 88.475967 | E87: 138.44102 | F87: 257.72473 | G87: 248.09953 | H87: 225.26452 | I87: 39.129937 | J87: 51.862902 | K87: 28.126185 | L87: 13.41773 | M87: 2.666375 | N87: 7.3182896 | O87: 1 | P87: 0.53086964 | Q87: 0.500073 | R87: 0.00060019934 | S87: 0.94968421 | T87: 932.47265 | U87: 0.21907651 | V87: 0.49214364 | W87: 0.59352147 | X87: 0.43491387 | Y87: 0.98312309 | Z87: -0.69623858 | AA87: =FALSE() -> FALSE | AB87: =FALSE() -> FALSE | AC87: =FALSE() -> FALSE | AD87: -1 | AE87: =FALSE() -> FALSE | AG87: =1/3*(U87+V87+W87) -> 0.43491387
A88: 86 | B88: 6.2808129 | C88: 81.594277 | D88: 88.554241 | E88: 143.24676 | F88: 228.52299 | G88: 243.94659 | H88: 238.83717 | I88: 17.517534 | J88: 65.892208 | K88: 34.459487 | L88: 28.056882 | M88: 6.8802747 | N88: 7.1397354 | O88: 1 | P88: 0.32397907 | Q88: 0.4544851 | R88: 0.0014747654 | S88: 0.94501638 | T88: 891.93314 | U88: 0.76668917 | V88: 0.33231169 | W88: 0.66723506 | X88: 0.5887453 | Y88: 0.25355735 | Z88: 0.22036532 | AA88: =TRUE() -> TRUE | AB88: =FALSE() -> FALSE | AC88: =FALSE() -> FALSE | AD88: 0 | AE88: =FALSE() -> FALSE | AF88: 0 | AG88: =1/3*(U88+V88+W88) -> 0.5887453
A89: 87 | B89: 2.2725392 | C89: 82.317136 | D89: 97.229398 | E89: 135.20947 | F89: 240.4113 | G89: 239.65905 | H89: 259.17641 | I89: 24.555581 | J89: 61.315478 | K89: 36.764146 | L89: 32.729578 | M89: 5.5585447 | N89: 4.3834839 | O89: 1 | P89: 0.69411927 | Q89: 0.36772377 | R89: 0.000968186 | S89: 0.94463372 | T89: 875.72457 | U89: 0.44949267 | V89: 0.31920923 | W89: 0.69670733 | X89: 0.48846975 | Y89: -0.76081322 | Z89: -0.05613679 | AA89: =FALSE() -> FALSE | AB89: =FALSE() -> FALSE | AC89: =FALSE() -> FALSE | AD89: -1 | AE89: =FALSE() -> FALSE | AG89: =1/3*(U89+V89+W89) -> 0.48846975
A90: 88 | B90: 5.8945242 | C90: 84.743328 | D90: 82.696505 | E90: 153.2139 | F90: 255.08313 | G90: 252.40918 | H90: 252.73308 | I90: 16.933522 | J90: 70.845255 | K90: 19.37612 | L90: 25.042829 | M90: 3.6137766 | N90: 3.7907471 | O90: 1 | P90: 0.66714912 | Q90: 0.33915614 | R90: 0.00071668516 | S90: 0.94971033 | T90: 903.893 | U90: 0.29201452 | V90: 0.49303803 | W90: 0.64548827 | X90: 0.47684694 | Y90: 0.56652733 | Z90: -0.52924453 | AA90: =FALSE() -> FALSE | AB90: =FALSE() -> FALSE | AC90: =FALSE() -> FALSE | AD90: -1 | AE90: =FALSE() -> FALSE | AG90: =1/3*(U90+V90+W90) -> 0.47684694
A91: 89 | B91: 4.7386843 | C91: 84.514666 | D91: 97.393883 | E91: 154.8698 | F91: 221.34353 | G91: 220.47841 | H91: 256.17322 | I91: 22.67923 | J91: 44.592737 | K91: 20.708961 | L91: 31.91396 | M91: 5.9566159 | N91: 5.743588 | O91: 1 | P91: 0.36340639 | Q91: 0.41459565 | R91: 0.00092423468 | S91: 0.95179932 | T91: 963.08962 | U91: 0.42197239 | V91: 0.56456721 | W91: 0.53785021 | X91: 0.50812994 | Y91: -0.14904502 | Z91: 0.055138956 | AA91: =TRUE() -> TRUE | AB91: =FALSE() -> FALSE | AC91: =FALSE() -> FALSE | AD91: 2 | AE91: =FALSE() -> FALSE | AF91: 2 | AG91: =1/3*(U91+V91+W91) -> 0.50812994
A92: 90 | B92: 3.7539349 | C92: 80.783001 | D92: 95.003202 | E92: 130.67615 | F92: 250.61007 | G92: 224.01297 | H92: 222.50022 | I92: 31.539546 | J92: 55.078258 | K92: 13.478361 | L92: 31.7781 | M92: 3.2102295 | N92: 5.5584731 | O92: 1 | P92: 0.49380085 | Q92: 0.61402356 | R92: 0.00067573882 | S92: 0.94981369 | T92: 902.13069 | U92: 0.26637582 | V92: 0.49657724 | W92: 0.6486927 | X92: 0.47054859 | Y92: 0.65410491 | Z92: -0.66388236 | AA92: =FALSE() -> FALSE | AB92: =FALSE() -> FALSE | AC92: =FALSE() -> FALSE | AD92: -1 | AE92: =FALSE() -> FALSE | AG92: =1/3*(U92+V92+W92) -> 0.47054859
A93: 91 | B93: 4.2480347 | C93: 77.181533 | D93: 88.38049 | E93: 144.02581 | F93: 251.73614 | G93: 247.03786 | H93: 235.13276 | I93: 33.554637 | J93: 39.102544 | K93: 18.030557 | L93: 26.1981 | M93: 4.2161457 | N93: 5.406288 | O93: 1 | P93: 0.48126422 | Q93: 0.61865251 | R93: 0.00059408224 | S93: 0.95312431 | T93: 1028.1846 | U93: 0.21524626 | V93: 0.60993654 | W93: 0.41948703 | X93: 0.41488994 | Y93: 2.0110689 | Z93: -0.0062017103 | AA93: =FALSE() -> FALSE | AB93: =FALSE() -> FALSE | AC93: =FALSE() -> FALSE | AD93: -1 | AE93: =FALSE() -> FALSE | AG93: =1/3*(U93+V93+W93) -> 0.41488994
A94: 92 | B94: 4.1647029 | C94: 79.854072 | D94: 95.838528 | E94: 162.95104 | F94: 257.87403 | G94: 233.15853 | H94: 221.44849 | I94: 32.087825 | J94: 70.264576 | K94: 29.042525 | L94: 15.344267 | M94: 6.6208389 | N94: 7.1833785 | O94: 1 | P94: 0.42797422 | Q94: 0.41985589 | R94: 0.00099059601 | S94: 0.94524075 | T94: 852.3744 | U94: 0.46352478 | V94: 0.33999449 | W94: 0.73916529 | X94: 0.51422818 | Y94: -0.87655722 | Z94: -0.12955967 | AA94: =FALSE() -> FALSE | AB94: =FALSE() -> FALSE | AC94: =FALSE() -> FALSE | AD94: -1 | AE94: =FALSE() -> FALSE | AG94: =1/3*(U94+V94+W94) -> 0.51422818
A95: 93 | B95: 6.1929785 | C95: 84.44171 | D95: 92.621708 | E95: 130.41205 | F95: 239.53411 | G95: 245.08668 | H95: 238.26925 | I95: 25.893011 | J95: 70.018192 | K95: 37.193116 | L95: 32.430514 | M95: 7.3640891 | N95: 4.3306283 | O95: 1 | P95: 0.6515539 | Q95: 0.51969949 | R95: 0.0013364286 | S95: 0.94132616 | T95: 821.31636 | U95: 0.68006907 | V95: 0.20595466 | W95: 0.79563856 | X95: 0.5605541 | Y95: -2.2753948 | Z95: 0.63760914 | AA95: =FALSE() -> FALSE | AB95: =FALSE() -> FALSE | AC95: =FALSE() -> FALSE | AD95: -1 | AE95: =FALSE() -> FALSE | AG95: =1/3*(U95+V95+W95) -> 0.5605541
A96: 94 | B96: 5.1426497 | C96: 78.044227 | D96: 85.542314 | E96: 149.22014 | F96: 245.22913 | G96: 234.3441 | H96: 259.34814 | I96: 18.076038 | J96: 56.59957 | K96: 22.937209 | L96: 20.229393 | M96: 4.5995458 | N96: 7.2424419 | O96: 1 | P96: 0.65697336 | Q96: 0.50227526 | R96: 0.00070665697 | S96: 0.95220372 | T96: 990.43053 | U96: 0.28573534 | V96: 0.57841434 | W96: 0.48813584 | X96: 0.45076184 | Y96: 1.4290761 | Z96: 0.067685331 | AA96: =FALSE() -> FALSE | AB96: =FALSE() -> FALSE | AC96: =FALSE() -> FALSE | AD96: -1 | AE96: =FALSE() -> FALSE | AG96: =1/3*(U96+V96+W96) -> 0.45076184
A97: 95 | B97: 6.1616074 | C97: 83.398063 | D97: 97.000245 | E97: 145.54204 | F97: 240.72116 | G97: 225.68885 | H97: 227.21683 | I97: 30.0259 | J97: 33.307287 | K97: 32.569418 | L97: 20.390466 | M97: 4.1113617 | N97: 2.6241415 | O97: 1 | P97: 0.3381121 | Q97: 0.66628945 | R97: 0.00081638953 | S97: 0.95372016 | T97: 1001.3726 | U97: 0.35444477 | V97: 0.63033891 | W97: 0.46823978 | X97: 0.48434115 | Y97: -0.26572238 | Z97: 0.052301367 | AA97: =TRUE() -> TRUE | AB97: =FALSE() -> FALSE | AC97: =FALSE() -> FALSE | AD97: 1 | AE97: =FALSE() -> FALSE | AF97: 2 | AG97: =1/3*(U97+V97+W97) -> 0.48434115
A98: 96 | B98: 5.7155931 | C98: 79.233066 | D98: 98.807563 | E98: 131.696 | F98: 257.2152 | G98: 224.70659 | H98: 244.90538 | I98: 18.968482 | J98: 42.618266 | K98: 28.877937 | L98: 35.02532 | M98: 2.9571197 | N98: 6.8082299 | O98: 1 | P98: 0.40254702 | Q98: 0.34955433 | R98: 0.00098077603 | S98: 0.95077061 | T98: 965.32792 | U98: 0.45737596 | V98: 0.52934303 | W98: 0.53378026 | X98: 0.50683308 | Y98: -0.11025799 | Z98: 0.081961 | AA98: =TRUE() -> TRUE | AB98: =FALSE() -> FALSE | AC98: =FALSE() -> FALSE | AD98: 2 | AE98: =FALSE() -> FALSE | AF98: 2 | AG98: =1/3*(U98+V98+W98) -> 0.50683308
A99: 97 | B99: 4.8208927 | C99: 83.507607 | D99: 85.956074 | E99: 133.54839 | F99: 225.93071 | G99: 248.03698 | H99: 249.35819 | I99: 17.867468 | J99: 82.849661 | K99: 34.349061 | L99: 34.992675 | M99: 6.3503155 | N99: 4.2353908 | O99: 1 | P99: 0.44600578 | Q99: 0.49165852 | R99: 0.0014859453 | S99: 0.94085628 | T99: 812.80509 | U99: 0.77368953 | V99: 0.18986554 | W99: 0.81111473 | X99: 0.5915566 | Y99: 0.42875114 | Z99: 0.1229636 | AA99: =TRUE() -> TRUE | AB99: =FALSE() -> FALSE | AC99: =FALSE() -> FALSE | AD99: 0 | AE99: =FALSE() -> FALSE | AF99: 0 | AG99: =1/3*(U99+V99+W99) -> 0.5915566
A100: 98 | B100: 2.3021787 | C100: 83.052394 | D100: 98.513885 | E100: 144.77537 | F100: 228.03144 | G100: 254.94409 | H100: 233.41892 | I100: 17.576379 | J100: 54.575984 | K100: 17.56268 | L100: 28.419777 | M100: 4.0652071 | N100: 5.6893605 | O100: 1 | P100: 0.64437372 | Q100: 0.53062595 | R100: 0.00065923269 | S100: 0.95315107 | T100: 935.04754 | U100: 0.25604045 | V100: 0.61085283 | W100: 0.58883951 | X100: 0.48524427 | Y100: 1.3040839 | Z100: -0.4244422 | AA100: =FALSE() -> FALSE | AB100: =FALSE() -> FALSE | AC100: =FALSE() -> FALSE | AD100: -1 | AE100: =FALSE() -> FALSE | AG100: =1/3*(U100+V100+W100) -> 0.48524427
A101: 99 | B101: 5.3673783 | C101: 78.781239 | D101: 88.251104 | E101: 156.74879 | F101: 250.28769 | G101: 231.99254 | H101: 248.89596 | I101: 15.311157 | J101: 34.630552 | K101: 17.624736 | L101: 33.868705 | M101: 5.3930641 | N101: 6.0690311 | O101: 1 | P101: 0.56601404 | Q101: 0.6997855 | R101: 0.00070616915 | S101: 0.95642983 | T101: 1101.4494 | U101: 0.28542989 | V101: 0.72312126 | W101: 0.28626854 | X101: 0.43160656 | Y101: 2.6367521 | Z101: 0.89332741 | AA101: =FALSE() -> FALSE | AB101: =FALSE() -> FALSE | AC101: =FALSE() -> FALSE | AD101: -1 | AE101: =FALSE() -> FALSE | AG101: =1/3*(U101+V101+W101) -> 0.43160656
A102: 100 | B102: 5.8635609 | C102: 77.415252 | D102: 89.579261 | E102: 152.38097 | F102: 234.84225 | G102: 233.39658 | H102: 228.94723 | I102: 22.968526 | J102: 78.086056 | K102: 30.135012 | L102: 26.606336 | M102: 2.6587606 | N102: 3.66514 | O102: 1 | P102: 0.37515597 | Q102: 0.4314318 | R102: 0.0012508803 | S102: 0.94416643 | T102: 854.48234 | U102: 0.62650274 | V102: 0.30320856 | W102: 0.73533239 | X102: 0.55501456 | Y102: -1.5408987 | Z102: 0.65701442 | AA102: =FALSE() -> FALSE | AB102: =FALSE() -> FALSE | AC102: =FALSE() -> FALSE | AD102: -1 | AE102: =FALSE() -> FALSE | AG102: =1/3*(U102+V102+W102) -> 0.55501456
A103: 101 | B103: 5.4861482 | C103: 82.951645 | D103: 86.580758 | E103: 131.27555 | F103: 248.04057 | G103: 240.403 | H103: 256.49907 | I103: 28.683177 | J103: 87.80071 | K103: 31.840599 | L103: 16.912591 | M103: 6.6861277 | N103: 5.2684513 | O103: 1 | P103: 0.41699828 | Q103: 0.55728807 | R103: 0.0012098258 | S103: 0.94145007 | T103: 757.01795 | U103: 0.60079627 | V103: 0.21019735 | W103: 0.91255329 | X103: 0.57451564 | Y103: 0.38158197 | Z103: -0.07265109 | AA103: =TRUE() -> TRUE | AB103: =FALSE() -> FALSE | AC103: =FALSE() -> FALSE | AD103: 0 | AE103: =FALSE() -> FALSE | AF103: 0 | AG103: =1/3*(U103+V103+W103) -> 0.57451564
A104: 102 | B104: 6.654826 | C104: 78.200396 | D104: 97.952492 | E104: 168.353 | F104: 252.58904 | G104: 246.28441 | H104: 252.05557 | I104: 24.294148 | J104: 61.665137 | K104: 35.986829 | L104: 27.862749 | M104: 7.0303569 | N104: 4.2194634 | O104: 1 | P104: 0.45890964 | Q104: 0.37571779 | R104: 0.0014207341 | S104: 0.94471872 | T104: 915.95036 | U104: 0.73285724 | V104: 0.3221197 | W104: 0.6235642 | X104: 0.55951371 | Y104: -1.4491354 | Z104: 1.5958669 | AA104: =FALSE() -> FALSE | AB104: =FALSE() -> FALSE | AC104: =FALSE() -> FALSE | AD104: -1 | AE104: =FALSE() -> FALSE | AG104: =1/3*(U104+V104+W104) -> 0.55951371
A105: 103 | B105: 2.1931783 | C105: 81.604324 | D105: 94.418212 | E105: 153.22784 | F105: 242.79796 | G105: 250.33993 | H105: 221.37598 | I105: 24.412889 | J105: 67.879545 | K105: 30.802019 | L105: 17.000388 | M105: 5.3596142 | N105: 6.7202805 | O105: 1 | P105: 0.41432404 | Q105: 0.40490247 | R105: 0.00094147049 | S105: 0.94751716 | T105: 871.91391 | U105: 0.43276466 | V105: 0.41794135 | W105: 0.7036363 | X105: 0.5181141 | Y105: -0.37194365 | Z105: -0.10131165 | AA105: =FALSE() -> FALSE | AB105: =FALSE() -> FALSE | AC105: =FALSE() -> FALSE | AD105: -1 | AE105: =FALSE() -> FALSE | AG105: =1/3*(U105+V105+W105) -> 0.5181141
A106: 104 | B106: 6.481703 | C106: 84.076946 | D106: 92.528015 | E106: 168.38664 | F106: 238.61779 | G106: 255.72739 | H106: 248.78312 | I106: 33.951478 | J106: 32.716614 | K106: 19.640638 | L106: 37.394981 | M106: 4.7422777 | N106: 3.6220332 | O106: 1 | P106: 0.40102783 | Q106: 0.38764521 | R106: 0.00089464782 | S106: 0.95144005 | T106: 997.45013 | U106: 0.40344648 | V106: 0.55226536 | W106: 0.47537199 | X106: 0.47702794 | Y106: 0.98464809 | Z106: 0.67252563 | AA106: =FALSE() -> FALSE | AB106: =FALSE() -> FALSE | AC106: =FALSE() -> FALSE | AD106: -1 | AE106: =FALSE() -> FALSE | AG106: =1/3*(U106+V106+W106) -> 0.47702794
A107: 105 | B107: 6.048778 | C107: 79.796784 | D107: 99.91338 | E107: 145.48327 | F107: 252.64947 | G107: 229.39412 | H107: 237.10318 | I107: 19.556207 | J107: 60.99687 | K107: 22.10249 | L107: 18.915362 | M107: 4.6270341 | N107: 4.6293107 | O107: 1 | P107: 0.32714054 | Q107: 0.49080543 | R107: 0.00090766742 | S107: 0.95179804 | T107: 922.0204 | U107: 0.41159874 | V107: 0.56452333 | W107: 0.61252696 | X107: 0.52954968 | Y107: -0.11242765 | Z107: 0.0003402986 | AA107: =TRUE() -> TRUE | AB107: =FALSE() -> FALSE | AC107: =FALSE() -> FALSE | AD107: 2 | AE107: =FALSE() -> FALSE | AF107: 2 | AG107: =1/3*(U107+V107+W107) -> 0.52954968
A108: 106 | B108: 4.1021636 | C108: 80.243176 | D108: 86.341133 | E108: 155.04544 | F108: 250.52273 | G108: 250.08643 | H108: 229.37929 | I108: 37.55229 | J108: 48.507931 | K108: 15.473854 | L108: 15.410129 | M108: 4.5894571 | N108: 2.9196567 | O108: 1 | P108: 0.32432482 | Q108: 0.56649315 | R108: 0.00051330212 | S108: 0.95365846 | T108: 971.89435 | U108: 0.1646655 | V108: 0.62822619 | W108: 0.52184043 | X108: 0.43824404 | Y108: 1.8991829 | Z108: -0.61515843 | AA108: =FALSE() -> FALSE | AB108: =FALSE() -> FALSE | AC108: =FALSE() -> FALSE | AD108: -1 | AE108: =FALSE() -> FALSE | AG108: =1/3*(U108+V108+W108) -> 0.43824404
A109: 107 | B109: 4.8236478 | C109: 77.367399 | D109: 95.546921 | E109: 165.18543 | F109: 236.9504 | G109: 220.46234 | H109: 250.22814 | I109: 30.059616 | J109: 34.41268 | K109: 19.579962 | L109: 16.544091 | M109: 3.5513856 | N109: 2.9504097 | O109: 1 | P109: 0.42638834 | Q109: 0.54352764 | R109: 0.00051328088 | S109: 0.95804518 | T109: 1116.7548 | U109: 0.1646522 | V109: 0.77843254 | W109: 0.25843856 | X109: 0.40050777 | Y109: 3.3343012 | Z109: 0.43988627 | AA109: =FALSE() -> FALSE | AB109: =FALSE() -> FALSE | AC109: =FALSE() -> FALSE | AD109: -1 | AE109: =FALSE() -> FALSE | AG109: =1/3*(U109+V109+W109) -> 0.40050777
A110: 108 | B110: 3.2552203 | C110: 75.448008 | D110: 91.4223 | E110: 142.41684 | F110: 239.0759 | G110: 238.58112 | H110: 253.16563 | I110: 34.696329 | J110: 77.353738 | K110: 25.633482 | L110: 37.258318 | M110: 5.4495374 | N110: 2.7130763 | O110: 1 | P110: 0.50007755 | Q110: 0.31908288 | R110: 0.001096402 | S110: 0.94068793 | T110: 844.15682 | U110: 0.52977555 | V110: 0.18410083 | W110: 0.75410742 | X110: 0.48932793 | Y110: -1.7113921 | Z110: 0.041800398 | AA110: =FALSE() -> FALSE | AB110: =FALSE() -> FALSE | AC110: =FALSE() -> FALSE | AD110: -1 | AE110: =FALSE() -> FALSE | AG110: =1/3*(U110+V110+W110) -> 0.48932793
A111: 109 | B111: 5.6322824 | C111: 79.833547 | D111: 97.606057 | E111: 137.0002 | F111: 229.09553 | G111: 233.56152 | H111: 230.39397 | I111: 29.858979 | J111: 65.725516 | K111: 16.682501 | L111: 13.61674 | M111: 2.6330875 | N111: 7.3658678 | O111: 1 | P111: 0.39207274 | Q111: 0.61171478 | R111: 0.00069817019 | S111: 0.95063197 | T111: 886.05283 | U111: 0.28042131 | V111: 0.52459601 | W111: 0.6779273 | X111: 0.49431487 | Y111: -0.11959117 | Z111: -0.14578345 | AA111: =TRUE() -> TRUE | AB111: =FALSE() -> FALSE | AC111: =TRUE() -> TRUE | AD111: 2 | AE111: =FALSE() -> FALSE | AF111: 2 | AG111: =1/3*(U111+V111+W111) -> 0.49431487
A112: 110 | B112: 4.6247509 | C112: 77.915202 | D112: 89.737804 | E112: 130.69948 | F112: 244.139 | G112: 243.48358 | H112: 229.55178 | I112: 34.685363 | J112: 83.168813 | K112: 18.811038 | L112: 32.989512 | M112: 6.8321103 | N112: 2.7455402 | O112: 1 | P112: 0.46324646 | Q112: 0.43009774 | R112: 0.0010246182 | S112: 0.94118499 | T112: 793.70186 | U112: 0.48482791 | V112: 0.20112071 | W112: 0.8458504 | X112: 0.51059968 | Y112: -1.8107206 | Z112: -0.50173497 | AA112: =FALSE() -> FALSE | AB112: =FALSE() -> FALSE | AC112: =FALSE() -> FALSE | AD112: -1 | AE112: =FALSE() -> FALSE | AG112: =1/3*(U112+V112+W112) -> 0.51059968
A113: 111 | B113: 3.5928229 | C113: 78.097773 | D113: 90.6663 | E113: 159.87559 | F113: 240.16823 | G113: 241.05165 | H113: 253.49824 | I113: 42.320141 | J113: 42.561535 | K113: 33.699438 | L113: 15.295553 | M113: 5.1910992 | N113: 4.8800311 | O113: 1 | P113: 0.53351382 | Q113: 0.35815958 | R113: 0.00072140115 | S113: 0.94907692 | T113: 965.00449 | U113: 0.29496746 | V113: 0.47134919 | W113: 0.53436837 | X113: 0.43356167 | Y113: 0.85498125 | Z113: -0.12292854 | AA113: =FALSE() -> FALSE | AB113: =FALSE() -> FALSE | AC113: =FALSE() -> FALSE | AD113: -1 | AE113: =FALSE() -> FALSE | AG113: =1/3*(U113+V113+W113) -> 0.43356167
A114: 112 | B114: 5.2399512 | C114: 81.204788 | D114: 84.571776 | E114: 167.1548 | F114: 242.40689 | G114: 221.61778 | H114: 257.08812 | I114: 41.481725 | J114: 34.032778 | K114: 36.339608 | L114: 27.154264 | M114: 6.5701945 | N114: 6.2283806 | O114: 1 | P114: 0.53558444 | Q114: 0.4465115 | R114: 0.001017941 | S114: 0.94699045 | T114: 963.96399 | U114: 0.48064696 | V114: 0.39990607 | W114: 0.53626032 | X114: 0.47227112 | Y114: -0.029738352 | Z114: 0.73189475 | AA114: =FALSE() -> FALSE | AB114: =FALSE() -> FALSE | AC114: =FALSE() -> FALSE | AD114: -1 | AE114: =FALSE() -> FALSE | AG114: =1/3*(U114+V114+W114) -> 0.47227112
A115: 113 | B115: 4.7015405 | C115: 83.622841 | D115: 85.720744 | E115: 153.6838 | F115: 252.00285 | G115: 245.37649 | H115: 246.08898 | I115: 16.555989 | J115: 62.393053 | K115: 33.462319 | L115: 16.907657 | M115: 7.0991277 | N115: 3.5792634 | O115: 1 | P115: 0.35245675 | Q115: 0.38427716 | R115: 0.0010356601 | S115: 0.9497983 | T115: 934.07305 | U115: 0.49174181 | V115: 0.49605017 | W115: 0.59061145 | X115: 0.52613448 | Y115: -0.038932722 | Z115: 0.07001789 | AA115: =TRUE() -> TRUE | AB115: =FALSE() -> FALSE | AC115: =FALSE() -> FALSE | AD115: 2 | AE115: =FALSE() -> FALSE | AF115: 2 | AG115: =1/3*(U115+V115+W115) -> 0.52613448
A116: 114 | B116: 6.2617698 | C116: 80.091968 | D116: 90.572701 | E116: 164.52036 | F116: 235.22449 | G116: 249.52118 | H116: 238.99842 | I116: 35.355518 | J116: 79.974161 | K116: 27.331135 | L116: 19.362381 | M116: 2.7391261 | N116: 3.3420291 | O116: 1 | P116: 0.481129 | Q116: 0.66333833 | R116: 0.0010868381 | S116: 0.94324575 | T116: 801.2022 | U116: 0.52378707 | V116: 0.27168349 | W116: 0.83221242 | X116: 0.54256099 | Y116: -1.6398998 | Z116: -0.21764006 | AA116: =FALSE() -> FALSE | AB116: =FALSE() -> FALSE | AC116: =FALSE() -> FALSE | AD116: -1 | AE116: =FALSE() -> FALSE | AG116: =1/3*(U116+V116+W116) -> 0.54256099
A117: 115 | B117: 4.3938797 | C117: 75.771512 | D117: 85.90774 | E117: 146.814 | F117: 237.23736 | G117: 258.68095 | H117: 233.14805 | I117: 18.454046 | J117: 85.249285 | K117: 20.246128 | L117: 15.402262 | M117: 4.1523408 | N117: 4.849054 | O117: 1 | P117: 0.6054802 | Q117: 0.59374732 | R117: 0.00074416508 | S117: 0.9479173 | T117: 860.01219 | U117: 0.30922117 | V117: 0.43164256 | W117: 0.72527737 | X117: 0.4887137 | Y117: 0.016940664 | Z117: -0.77480349 | AA117: =FALSE() -> FALSE | AB117: =FALSE() -> FALSE | AC117: =FALSE() -> FALSE | AD117: -1 | AE117: =FALSE() -> FALSE | AG117: =1/3*(U117+V117+W117) -> 0.4887137
A118: 116 | B118: 4.0566725 | C118: 83.198603 | D118: 83.388593 | E118: 160.39885 | F118: 246.25343 | G118: 232.35326 | H118: 257.58191 | I118: 21.82304 | J118: 41.391455 | K118: 36.736969 | L118: 33.920657 | M118: 5.7820995 | N118: 3.9942541 | O118: 1 | P118: 0.57492646 | Q118: 0.62294392 | R118: 0.0011261365 | S118: 0.94905855 | T118: 996.76515 | U118: 0.54839394 | V118: 0.47072017 | W118: 0.47661751 | X118: 0.49857721 | Y118: 0.20173504 | Z118: 1.3245479 | AA118: =FALSE() -> FALSE | AB118: =FALSE() -> FALSE | AC118: =FALSE() -> FALSE | AD118: -1 | AE118: =FALSE() -> FALSE | AG118: =1/3*(U118+V118+W118) -> 0.49857721
A119: 117 | B119: 2.3785478 | C119: 81.418695 | D119: 88.828918 | E119: 150.92432 | F119: 249.99133 | G119: 256.01679 | H119: 240.62499 | I119: 33.457245 | J119: 37.58762 | K119: 34.00969 | L119: 14.335807 | M119: 6.5613678 | N119: 5.8145995 | O119: 1 | P119: 0.46031194 | Q119: 0.45988878 | R119: 0.00069999519 | S119: 0.95219566 | T119: 986.8581 | U119: 0.28156403 | V119: 0.57813848 | W119: 0.49463164 | X119: 0.45144472 | Y119: 1.42 | Z119: 0.023447091 | AA119: =FALSE() -> FALSE | AB119: =FALSE() -> FALSE | AC119: =FALSE() -> FALSE | AD119: -1 | AE119: =FALSE() -> FALSE | AG119: =1/3*(U119+V119+W119) -> 0.45144472
A120: 118 | B120: 2.1107343 | C120: 82.648538 | D120: 94.63223 | E120: 153.29198 | F120: 221.20922 | G120: 251.29717 | H120: 247.41108 | I120: 33.115697 | J120: 55.720729 | K120: 32.459852 | L120: 34.592539 | M120: 4.0773526 | N120: 2.895377 | O120: 1 | P120: 0.67699935 | Q120: 0.62061375 | R120: 0.00094624385 | S120: 0.94519901 | T120: 882.16548 | U120: 0.43575351 | V120: 0.3385653 | W120: 0.68499572 | X120: 0.48643818 | Y120: -0.60533127 | Z120: -0.0683621 | AA120: =FALSE() -> FALSE | AB120: =FALSE() -> FALSE | AC120: =FALSE() -> FALSE | AD120: -1 | AE120: =FALSE() -> FALSE | AG120: =1/3*(U120+V120+W120) -> 0.48643818
A121: 119 | B121: 6.2887209 | C121: 75.514811 | D121: 96.85116 | E121: 161.21827 | F121: 254.4805 | G121: 239.679 | H121: 246.02158 | I121: 18.18396 | J121: 31.241754 | K121: 31.205001 | L121: 14.323385 | M121: 4.9880447 | N121: 4.9825536 | O121: 1 | P121: 0.55542088 | Q121: 0.34719326 | R121: 0.00063393422 | S121: 0.95845654 | T121: 1138.0086 | U121: 0.24019972 | V121: 0.79251812 | W121: 0.21979258 | X121: 0.41750347 | Y121: 3.2637324 | Z121: 0.95851225 | AA121: =FALSE() -> FALSE | AB121: =FALSE() -> FALSE | AC121: =FALSE() -> FALSE | AD121: -1 | AE121: =FALSE() -> FALSE | AG121: =1/3*(U121+V121+W121) -> 0.41750347
A122: 120 | B122: 4.2245825 | C122: 79.263463 | D122: 92.223907 | E122: 148.46107 | F122: 245.71699 | G122: 242.84816 | H122: 237.95256 | I122: 20.678145 | J122: 62.96822 | K122: 17.451316 | L122: 20.962967 | M122: 3.7246673 | N122: 4.2960922 | O122: 1 | P122: 0.40333873 | Q122: 0.32712017 | R122: 0.0006783585 | S122: 0.95225093 | T122: 933.66473 | U122: 0.26801614 | V122: 0.58003098 | W122: 0.59135391 | X122: 0.47980034 | Y122: 1.1442701 | Z122: -0.3944387 | AA122: =FALSE() -> FALSE | AB122: =FALSE() -> FALSE | AC122: =FALSE() -> FALSE | AD122: -1 | AE122: =FALSE() -> FALSE | AG122: =1/3*(U122+V122+W122) -> 0.47980034
A123: 121 | B123: 4.8069452 | C123: 77.953734 | D123: 90.596266 | E123: 161.01772 | F123: 255.95459 | G123: 237.12869 | H123: 254.66031 | I123: 19.336086 | J123: 75.788815 | K123: 13.241773 | L123: 32.651666 | M123: 5.6451714 | N123: 6.0728974 | O123: 1 | P123: 0.4639569 | Q123: 0.45827144 | R123: 0.00100461 | S123: 0.94685317 | T123: 874.95197 | U123: 0.47229969 | V123: 0.3952055 | W123: 0.69811215 | X123: 0.52187245 | Y123: -0.56739543 | Z123: 0.09761798 | AA123: =FALSE() -> FALSE | AB123: =FALSE() -> FALSE | AC123: =FALSE() -> FALSE | AD123: -1 | AE123: =FALSE() -> FALSE | AG123: =1/3*(U123+V123+W123) -> 0.52187245
A124: 122 | B124: 6.9210246 | C124: 77.971468 | D124: 87.459741 | E124: 143.84142 | F124: 223.80292 | G124: 252.41617 | H124: 250.73168 | I124: 15.008563 | J124: 74.57174 | K124: 27.651008 | L124: 31.31607 | M124: 6.7848878 | N124: 7.0670805 | O124: 1 | P124: 0.4552287 | Q124: 0.54566513 | R124: 0.0014408055 | S124: 0.94438852 | T124: 883.05548 | U124: 0.74542506 | V124: 0.31081313 | W124: 0.68337743 | X124: 0.57987187 | Y124: 0.26505693 | Z124: 0.19186587 | AA124: =TRUE() -> TRUE | AB124: =FALSE() -> FALSE | AC124: =FALSE() -> FALSE | AD124: 0 | AE124: =FALSE() -> FALSE | AF124: 0 | AG124: =1/3*(U124+V124+W124) -> 0.57987187
A125: 123 | B125: 4.9541936 | C125: 75.1961 | D125: 93.472102 | E125: 135.95803 | F125: 254.07658 | G125: 241.20185 | H125: 227.32552 | I125: 32.22387 | J125: 30.180259 | K125: 30.913959 | L125: 17.137555 | M125: 3.2436385 | N125: 4.9689494 | O125: 1 | P125: 0.31116215 | Q125: 0.68464132 | R125: 0.00058095602 | S125: 0.95498899 | T125: 1076.6046 | U125: 0.20702724 | V125: 0.67378514 | W125: 0.33144437 | X125: 0.40408558 | Y125: 2.5674585 | Z125: 0.31488318 | AA125: =FALSE() -> FALSE | AB125: =FALSE() -> FALSE | AC125: =FALSE() -> FALSE | AD125: -1 | AE125: =FALSE() -> FALSE | AG125: =1/3*(U125+V125+W125) -> 0.40408558
A126: 124 | B126: 2.5893974 | C126: 78.725599 | D126: 92.272526 | E126: 158.1824 | F126: 251.23672 | G126: 221.18892 | H126: 221.91782 | I126: 28.044893 | J126: 75.764704 | K126: 12.589164 | L126: 37.123442 | M126: 6.592303 | N126: 5.1376561 | O126: 1 | P126: 0.35180128 | Q126: 0.61252111 | R126: 0.0010311348 | S126: 0.94456633 | T126: 847.16812 | U126: 0.48890826 | V126: 0.31690159 | W126: 0.74863193 | X126: 0.51814726 | Y126: -1.0768262 | Z126: -0.054636884 | AA126: =FALSE() -> FALSE | AB126: =FALSE() -> FALSE | AC126: =FALSE() -> FALSE | AD126: -1 | AE126: =FALSE() -> FALSE | AG126: =1/3*(U126+V126+W126) -> 0.51814726
A127: 125 | B127: 3.0566768 | C127: 84.505943 | D127: 97.861546 | E127: 160.82685 | F127: 251.56917 | G127: 242.12004 | H127: 225.95542 | I127: 31.23522 | J127: 59.570439 | K127: 29.855485 | L127: 24.339394 | M127: 6.3497139 | N127: 3.4819806 | O127: 1 | P127: 0.34583053 | Q127: 0.66248032 | R127: 0.0010925359 | S127: 0.9467262 | T127: 867.20994 | U127: 0.52735478 | V127: 0.39085806 | W127: 0.7121896 | X127: 0.54346748 | Y127: 0.1151748 | Z127: 0.012072266 | AA127: =TRUE() -> TRUE | AB127: =FALSE() -> FALSE | AC127: =FALSE() -> FALSE | AD127: 2 | AE127: =FALSE() -> FALSE | AF127: 2 | AG127: =1/3*(U127+V127+W127) -> 0.54346748
A128: 126 | B128: 4.4393503 | C128: 77.327823 | D128: 88.645621 | E128: 169.69552 | F128: 234.34476 | G128: 226.25802 | H128: 237.32166 | I128: 25.78715 | J128: 48.094382 | K128: 18.851629 | L128: 14.46106 | M128: 5.0880682 | N128: 4.3946942 | O128: 1 | P128: 0.38040963 | Q128: 0.30148527 | R128: 0.00055361192 | S128: 0.95557614 | T128: 1054.8293 | U128: 0.18990563 | V128: 0.69388992 | W128: 0.37103871 | X128: 0.41827808 | Y128: 2.5630501 | Z128: 0.099402044 | AA128: =FALSE() -> FALSE | AB128: =FALSE() -> FALSE | AC128: =FALSE() -> FALSE | AD128: -1 | AE128: =FALSE() -> FALSE | AG128: =1/3*(U128+V128+W128) -> 0.41827808
A129: 127 | B129: 5.3374406 | C129: 79.177376 | D129: 92.250679 | E129: 134.95986 | F129: 224.74286 | G129: 246.01031 | H129: 256.58937 | I129: 27.978447 | J129: 62.691957 | K129: 15.025181 | L129: 21.947685 | M129: 3.5156015 | N129: 5.9538585 | O129: 1 | P129: 0.46107779 | Q129: 0.45947167 | R129: 0.00066052808 | S129: 0.95038119 | T129: 900.66393 | U129: 0.25685157 | V129: 0.51600904 | W129: 0.65135973 | X129: 0.47474011 | Y129: 0.7470436 | Z129: -0.70795138 | AA129: =FALSE() -> FALSE | AB129: =FALSE() -> FALSE | AC129: =FALSE() -> FALSE | AD129: -1 | AE129: =FALSE() -> FALSE | AG129: =1/3*(U129+V129+W129) -> 0.47474011
A130: 128 | B130: 3.2634431 | C130: 78.851398 | D130: 86.913545 | E130: 130.45244 | F130: 224.86627 | G130: 227.81695 | H130: 227.68517 | I130: 30.066069 | J130: 78.886434 | K130: 12.751387 | L130: 35.27506 | M130: 2.5322053 | N130: 3.8288107 | O130: 1 | P130: 0.35164626 | Q130: 0.65220618 | R130: 0.00083129656 | S130: 0.94482027 | T130: 817.98181 | U130: 0.36377885 | V130: 0.32559686 | W130: 0.80170182 | X130: 0.49702584 | Y130: -0.80724048 | Z130: -0.85368429 | AA130: =FALSE() -> FALSE | AB130: =FALSE() -> FALSE | AC130: =FALSE() -> FALSE | AD130: -1 | AE130: =FALSE() -> FALSE | AG130: =1/3*(U130+V130+W130) -> 0.49702584
A131: 129 | B131: 2.0059007 | C131: 76.225937 | D131: 95.762442 | E131: 151.92862 | F131: 244.5331 | G131: 227.98759 | H131: 250.41889 | I131: 40.723712 | J131: 64.985031 | K131: 17.339407 | L131: 27.305111 | M131: 5.8816795 | N131: 7.1995832 | O131: 1 | P131: 0.65234957 | Q131: 0.50921148 | R131: 0.00070763488 | S131: 0.94510328 | T131: 879.08342 | U131: 0.28634766 | V131: 0.33528725 | W131: 0.69059988 | X131: 0.4374116 | Y131: -0.13698657 | Z131: -0.82020993 | AA131: =FALSE() -> FALSE | AB131: =FALSE() -> FALSE | AC131: =FALSE() -> FALSE | AD131: -1 | AE131: =FALSE() -> FALSE | AG131: =1/3*(U131+V131+W131) -> 0.4374116
...

Sheet pareto
A1: idx | B1: t2_days | C1: T3_C | D1: T4_C | E1: T5_C | F1: T6_C | G1: T7_C | H1: T8_C | I1: t3_min | J1: t4_min | K1: t5_min | L1: t6_min | M1: t7_min | N1: t8_min | O1: RH3 | P1: RH4 | Q1: RH5 | R1: C_gross | S1: J_gross | T1: R_raw | U1: C_norm | V1: J_norm | W1: R_norm | X1: Phi | Y1: PC1 | Z1: PC2 | AA1: is_pareto | AB1: is_mario | AC1: is_exp_test | AD1: cluster_id
A2: 28 | B2: 6.4669778 | C2: 84.025854 | D2: 94.352801 | E2: 142.39477 | F2: 245.57052 | G2: 237.27048 | H2: 238.61842 | I2: 18.520511 | J2: 36.402973 | K2: 25.780782 | L2: 23.892825 | M2: 3.1279117 | N2: 3.3569109 | O2: 1 | P2: 0.43144733 | Q2: 0.31120952 | R2: 0.00064365513 | S2: 0.95677743 | T2: 1034.4965 | U2: 0.24628651 | V2: 0.73502345 | W2: 0.40801007 | X2: 0.46310667 | Y2: 2.3978782 | Z2: 0.2654618 | AA2: =TRUE() -> TRUE | AB2: =FALSE() -> FALSE | AC2: =FALSE() -> FALSE | AD2: 1
A3: 52 | B3: 5.0023393 | C3: 84.3358 | D3: 96.015325 | E3: 152.19579 | F3: 238.56374 | G3: 221.6748 | H3: 228.20699 | I3: 16.180893 | J3: 80.652038 | K3: 12.816228 | L3: 28.766984 | M3: 4.5447249 | N3: 2.692847 | O3: 1 | P3: 0.50629799 | Q3: 0.6542666 | R3: 0.00089989234 | S3: 0.94843248 | T3: 823.00363 | U3: 0.40673035 | V3: 0.44928294 | W3: 0.79257057 | X3: 0.54952795 | Y3: -0.47323554 | Z3: -0.53330993 | AA3: =TRUE() -> TRUE | AB3: =FALSE() -> FALSE | AC3: =FALSE() -> FALSE | AD3: 2
A4: 55 | B4: 4.0080042 | C4: 82.747816 | D4: 81.801068 | E4: 164.13299 | F4: 238.47538 | G4: 251.02493 | H4: 221.00974 | I4: 21.696504 | J4: 58.480579 | K4: 36.721963 | L4: 37.060913 | M4: 7.0812155 | N4: 2.842921 | O4: 1 | P4: 0.3822143 | Q4: 0.57725133 | R4: 0.0014788503 | S4: 0.94454607 | T4: 930.7186 | U4: 0.76924691 | V4: 0.31620797 | W4: 0.5967109 | X4: 0.56072193 | Y4: -1.5010438 | Z4: 1.8677963 | AA4: =TRUE() -> TRUE | AB4: =FALSE() -> FALSE | AC4: =FALSE() -> FALSE | AD4: 0
A5: 66 | B5: 3.7087228 | C5: 82.992962 | D5: 84.581683 | E5: 132.58773 | F5: 235.10266 | G5: 231.25926 | H5: 247.4513 | I5: 42.196313 | J5: 88.950142 | K5: 19.229731 | L5: 18.956758 | M5: 3.3183632 | N5: 7.4883024 | O5: 1 | P5: 0.46050981 | Q5: 0.49729346 | R5: 0.00079811936 | S5: 0.94118878 | T5: 708.92576 | U5: 0.34300484 | V5: 0.20125064 | W5: 1 | X5: 0.51475183 | Y5: -1.8588808 | Z5: -1.7564675 | AA5: =TRUE() -> TRUE | AB5: =FALSE() -> FALSE | AC5: =FALSE() -> FALSE | AD5: 0
A6: 86 | B6: 6.2808129 | C6: 81.594277 | D6: 88.554241 | E6: 143.24676 | F6: 228.52299 | G6: 243.94659 | H6: 238.83717 | I6: 17.517534 | J6: 65.892208 | K6: 34.459487 | L6: 28.056882 | M6: 6.8802747 | N6: 7.1397354 | O6: 1 | P6: 0.32397907 | Q6: 0.4544851 | R6: 0.0014747654 | S6: 0.94501638 | T6: 891.93314 | U6: 0.76668917 | V6: 0.33231169 | W6: 0.66723506 | X6: 0.5887453 | Y6: -1.673389 | Z6: 1.6080467 | AA6: =TRUE() -> TRUE | AB6: =FALSE() -> FALSE | AC6: =FALSE() -> FALSE | AD6: 0
A7: 89 | B7: 4.7386843 | C7: 84.514666 | D7: 97.393883 | E7: 154.8698 | F7: 221.34353 | G7: 220.47841 | H7: 256.17322 | I7: 22.67923 | J7: 44.592737 | K7: 20.708961 | L7: 31.91396 | M7: 5.9566159 | N7: 5.743588 | O7: 1 | P7: 0.36340639 | Q7: 0.41459565 | R7: 0.00092423468 | S7: 0.95179932 | T7: 963.08962 | U7: 0.42197239 | V7: 0.56456721 | W7: 0.53785021 | X7: 0.50812994 | Y7: 0.75540529 | Z7: 0.54267983 | AA7: =TRUE() -> TRUE | AB7: =FALSE() -> FALSE | AC7: =FALSE() -> FALSE | AD7: 2
A8: 95 | B8: 6.1616074 | C8: 83.398063 | D8: 97.000245 | E8: 145.54204 | F8: 240.72116 | G8: 225.68885 | H8: 227.21683 | I8: 30.0259 | J8: 33.307287 | K8: 32.569418 | L8: 20.390466 | M8: 4.1113617 | N8: 2.6241415 | O8: 1 | P8: 0.3381121 | Q8: 0.66628945 | R8: 0.00081638953 | S8: 0.95372016 | T8: 1001.3726 | U8: 0.35444477 | V8: 0.63033891 | W8: 0.46823978 | X8: 0.48434115 | Y8: 1.4544183 | Z8: 0.50818565 | AA8: =TRUE() -> TRUE | AB8: =FALSE() -> FALSE | AC8: =FALSE() -> FALSE | AD8: 1
A9: 96 | B9: 5.7155931 | C9: 79.233066 | D9: 98.807563 | E9: 131.696 | F9: 257.2152 | G9: 224.70659 | H9: 244.90538 | I9: 18.968482 | J9: 42.618266 | K9: 28.877937 | L9: 35.02532 | M9: 2.9571197 | N9: 6.8082299 | O9: 1 | P9: 0.40254702 | Q9: 0.34955433 | R9: 0.00098077603 | S9: 0.95077061 | T9: 965.32792 | U9: 0.45737596 | V9: 0.52934303 | W9: 0.53378026 | X9: 0.50683308 | Y9: 0.52373997 | Z9: 0.70832179 | AA9: =TRUE() -> TRUE | AB9: =FALSE() -> FALSE | AC9: =FALSE() -> FALSE | AD9: 2
A10: 97 | B10: 4.8208927 | C10: 83.507607 | D10: 85.956074 | E10: 133.54839 | F10: 225.93071 | G10: 248.03698 | H10: 249.35819 | I10: 17.867468 | J10: 82.849661 | K10: 34.349061 | L10: 34.992675 | M10: 6.3503155 | N10: 4.2353908 | O10: 1 | P10: 0.44600578 | Q10: 0.49165852 | R10: 0.0014859453 | S10: 0.94085628 | T10: 812.80509 | U10: 0.77368953 | V10: 0.18986554 | W10: 0.81111473 | X10: 0.5915566 | Y10: -2.6987296 | Z10: 1.0280945 | AA10: =TRUE() -> TRUE | AB10: =FALSE() -> FALSE | AC10: =FALSE() -> FALSE | AD10: 0
A11: 101 | B11: 5.4861482 | C11: 82.951645 | D11: 86.580758 | E11: 131.27555 | F11: 248.04057 | G11: 240.403 | H11: 256.49907 | I11: 28.683177 | J11: 87.80071 | K11: 31.840599 | L11: 16.912591 | M11: 6.6861277 | N11: 5.2684513 | O11: 1 | P11: 0.41699828 | Q11: 0.55728807 | R11: 0.0012098258 | S11: 0.94145007 | T11: 757.01795 | U11: 0.60079627 | V11: 0.21019735 | W11: 0.91255329 | X11: 0.57451564 | Y11: -2.391488 | Z11: -0.17333374 | AA11: =TRUE() -> TRUE | AB11: =FALSE() -> FALSE | AC11: =FALSE() -> FALSE | AD11: 0
A12: 105 | B12: 6.048778 | C12: 79.796784 | D12: 99.91338 | E12: 145.48327 | F12: 252.64947 | G12: 229.39412 | H12: 237.10318 | I12: 19.556207 | J12: 60.99687 | K12: 22.10249 | L12: 18.915362 | M12: 4.6270341 | N12: 4.6293107 | O12: 1 | P12: 0.32714054 | Q12: 0.49080543 | R12: 0.00090766742 | S12: 0.95179804 | T12: 922.0204 | U12: 0.41159874 | V12: 0.56452333 | W12: 0.61252696 | X12: 0.52954968 | Y12: 0.53679917 | Z12: 0.21952087 | AA12: =TRUE() -> TRUE | AB12: =FALSE() -> FALSE | AC12: =FALSE() -> FALSE | AD12: 2
A13: 109 | B13: 5.6322824 | C13: 79.833547 | D13: 97.606057 | E13: 137.0002 | F13: 229.09553 | G13: 233.56152 | H13: 230.39397 | I13: 29.858979 | J13: 65.725516 | K13: 16.682501 | L13: 13.61674 | M13: 2.6330875 | N13: 7.3658678 | O13: 1 | P13: 0.39207274 | Q13: 0.61171478 | R13: 0.00069817019 | S13: 0.95063197 | T13: 886.05283 | U13: 0.28042131 | V13: 0.52459601 | W13: 0.6779273 | X13: 0.49431487 | Y13: 0.60925103 | Z13: -0.6844633 | AA13: =TRUE() -> TRUE | AB13: =FALSE() -> FALSE | AC13: =TRUE() -> TRUE | AD13: 2
A14: 113 | B14: 4.7015405 | C14: 83.622841 | D14: 85.720744 | E14: 153.6838 | F14: 252.00285 | G14: 245.37649 | H14: 246.08898 | I14: 16.555989 | J14: 62.393053 | K14: 33.462319 | L14: 16.907657 | M14: 7.0991277 | N14: 3.5792634 | O14: 1 | P14: 0.35245675 | Q14: 0.38427716 | R14: 0.0010356601 | S14: 0.9497983 | T14: 934.07305 | U14: 0.49174181 | V14: 0.49605017 | W14: 0.59061145 | X14: 0.52613448 | Y14: 0.096098477 | Z14: 0.64788179 | AA14: =TRUE() -> TRUE | AB14: =FALSE() -> FALSE | AC14: =FALSE() -> FALSE | AD14: 2
A15: 122 | B15: 6.9210246 | C15: 77.971468 | D15: 87.459741 | E15: 143.84142 | F15: 223.80292 | G15: 252.41617 | H15: 250.73168 | I15: 15.008563 | J15: 74.57174 | K15: 27.651008 | L15: 31.31607 | M15: 6.7848878 | N15: 7.0670805 | O15: 1 | P15: 0.4552287 | Q15: 0.54566513 | R15: 0.0014408055 | S15: 0.94438852 | T15: 883.05548 | U15: 0.74542506 | V15: 0.31081313 | W15: 0.68337743 | X15: 0.57987187 | Y15: -1.7346756 | Z15: 1.4318902 | AA15: =TRUE() -> TRUE | AB15: =FALSE() -> FALSE | AC15: =FALSE() -> FALSE | AD15: 0
A16: 125 | B16: 3.0566768 | C16: 84.505943 | D16: 97.861546 | E16: 160.82685 | F16: 251.56917 | G16: 242.12004 | H16: 225.95542 | I16: 31.23522 | J16: 59.570439 | K16: 29.855485 | L16: 24.339394 | M16: 6.3497139 | N16: 3.4819806 | O16: 1 | P16: 0.34583053 | Q16: 0.66248032 | R16: 0.0010925359 | S16: 0.9467262 | T16: 867.20994 | U16: 0.52735478 | V16: 0.39085806 | W16: 0.7121896 | X16: 0.54346748 | Y16: -0.8147477 | Z16: 0.3122903 | AA16: =TRUE() -> TRUE | AB16: =FALSE() -> FALSE | AC16: =FALSE() -> FALSE | AD16: 2
A17: 134 | B17: 3.7848535 | C17: 77.46891 | D17: 97.091417 | E17: 166.40296 | F17: 249.6676 | G17: 230.99333 | H17: 258.71479 | I17: 20.386752 | J17: 72.809622 | K17: 33.639096 | L17: 17.09407 | M17: 4.4399211 | N17: 4.7618662 | O17: 1 | P17: 0.43109077 | Q17: 0.461166 | R17: 0.0010841329 | S17: 0.94695309 | T17: 876.1755 | U17: 0.52209326 | V17: 0.39862689 | W17: 0.69588739 | X17: 0.53886918 | Y17: -0.71386574 | Z17: 0.35095151 | AA17: =TRUE() -> TRUE | AB17: =FALSE() -> FALSE | AC17: =FALSE() -> FALSE | AD17: 2
A18: 156 | B18: 5.9191947 | C18: 84.359197 | D18: 84.538346 | E18: 150.90195 | F18: 226.24115 | G18: 246.59129 | H18: 237.94145 | I18: 28.1466 | J18: 61.131753 | K18: 30.982112 | L18: 19.884354 | M18: 5.1810483 | N18: 7.129188 | O18: 1 | P18: 0.32291988 | Q18: 0.39121218 | R18: 0.0011154319 | S18: 0.94673938 | T18: 880.97455 | U18: 0.54169123 | V18: 0.3913093 | W18: 0.68716122 | X18: 0.54005392 | Y18: -0.7761872 | Z18: 0.47388528 | AA18: =TRUE() -> TRUE | AB18: =FALSE() -> FALSE | AC18: =FALSE() -> FALSE | AD18: 2
A19: 168 | B19: 3.1621916 | C19: 83.055614 | D19: 91.560485 | E19: 137.3323 | F19: 231.69722 | G19: 230.72329 | H19: 244.21275 | I19: 24.471658 | J19: 84.795384 | K19: 15.018471 | L19: 29.58477 | M19: 4.3424092 | N19: 6.0823314 | O19: 1 | P19: 0.36280895 | Q19: 0.66531236 | R19: 0.00096510034 | S19: 0.9446372 | T19: 787.19346 | U19: 0.44756057 | V19: 0.3193284 | W19: 0.85768473 | X19: 0.54152457 | Y19: -1.2995387 | Z19: -0.65289078 | AA19: =TRUE() -> TRUE | AB19: =FALSE() -> FALSE | AC19: =FALSE() -> FALSE | AD19: 0
A20: 170 | B20: 3.9631283 | C20: 84.499712 | D20: 96.619588 | E20: 164.98934 | F20: 235.51333 | G20: 237.79872 | H20: 220.01806 | I20: 23.823421 | J20: 40.462416 | K20: 32.078134 | L20: 16.816671 | M20: 5.0557464 | N20: 6.9092367 | O20: 1 | P20: 0.30402486 | Q20: 0.30329812 | R20: 0.00082812366 | S20: 0.95350943 | T20: 996.70937 | U20: 0.36179214 | V20: 0.62312322 | W20: 0.47671893 | X20: 0.48721143 | Y20: 1.3750797 | Z20: 0.5085988 | AA20: =TRUE() -> TRUE | AB20: =FALSE() -> FALSE | AC20: =FALSE() -> FALSE | AD20: 1
A21: 178 | B21: 5.8713575 | C21: 84.84621 | D21: 92.67348 | E21: 137.45168 | F21: 237.96099 | G21: 237.42261 | H21: 225.55854 | I21: 26.436422 | J21: 89.070293 | K21: 17.852908 | L21: 20.141873 | M21: 4.2107796 | N21: 4.9639856 | O21: 1 | P21: 0.53177508 | Q21: 0.59557489 | R21: 0.0009235709 | S21: 0.94447929 | T21: 757.14658 | U21: 0.42155676 | V21: 0.31392126 | W21: 0.91231939 | X21: 0.5492658 | Y21: -1.4173572 | Z21: -0.98257375 | AA21: =TRUE() -> TRUE | AB21: =FALSE() -> FALSE | AC21: =FALSE() -> FALSE | AD21: 0
A22: 215 | B22: 6.0905761 | C22: 84.083656 | D22: 95.280679 | E22: 165.24759 | F22: 221.73185 | G22: 220.75405 | H22: 246.19598 | I22: 16.168222 | J22: 47.462425 | K22: 13.724453 | L22: 28.547707 | M22: 4.1514993 | N22: 5.6666103 | O22: 1 | P22: 0.58839515 | Q22: 0.51187517 | R22: 0.00070334213 | S22: 0.95560093 | T22: 1003.0169 | U22: 0.28365974 | V22: 0.69473884 | W22: 0.46524983 | X22: 0.48121614 | Y22: 1.9335608 | Z22: 0.21383768 | AA22: =TRUE() -> TRUE | AB22: =FALSE() -> FALSE | AC22: =FALSE() -> FALSE | AD22: 1
A23: 216 | B23: 2.9425651 | C23: 83.812395 | D23: 91.887812 | E23: 140.12194 | F23: 228.70568 | G23: 231.30492 | H23: 258.50944 | I23: 28.512787 | J23: 50.321888 | K23: 23.468363 | L23: 13.22757 | M23: 5.2546484 | N23: 5.1514471 | O23: 1 | P23: 0.59249537 | Q23: 0.63985837 | R23: 0.00054866191 | S23: 0.95349899 | T23: 931.9886 | U23: 0.18680616 | V23: 0.62276577 | W23: 0.59440163 | X23: 0.46799119 | Y23: 1.5595587 | Z23: -0.77526296 | AA23: =TRUE() -> TRUE | AB23: =FALSE() -> FALSE | AC23: =FALSE() -> FALSE | AD23: 1
A24: 222 | B24: 3.8329862 | C24: 83.858017 | D24: 89.081919 | E24: 155.15431 | F24: 256.79307 | G24: 252.74739 | H24: 242.36776 | I24: 20.404323 | J24: 55.421416 | K24: 32.740924 | L24: 18.989013 | M24: 3.9430764 | N24: 2.7405426 | O24: 1 | P24: 0.49597246 | Q24: 0.61939247 | R24: 0.00090807786 | S24: 0.95131427 | T24: 937.55892 | U24: 0.41185574 | V24: 0.54795877 | W24: 0.58427305 | X24: 0.51469585 | Y24: 0.5718982 | Z24: 0.31350911 | AA24: =TRUE() -> TRUE | AB24: =FALSE() -> FALSE | AC24: =FALSE() -> FALSE | AD24: 2
A25: 226 | B25: 4.2542719 | C25: 83.996755 | D25: 90.056126 | E25: 152.76164 | F25: 244.27788 | G25: 222.14609 | H25: 237.69571 | I25: 21.080459 | J25: 45.046977 | K25: 31.5689 | L25: 28.118898 | M25: 3.8971346 | N25: 4.1757914 | O25: 1 | P25: 0.34875393 | Q25: 0.61501102 | R25: 0.0010406772 | S25: 0.95132479 | T25: 973.43143 | U25: 0.49488328 | V25: 0.54831871 | W25: 0.51904553 | X25: 0.52074918 | Y25: 0.51687729 | Z25: 0.95705732 | AA25: =TRUE() -> TRUE | AB25: =FALSE() -> FALSE | AC25: =FALSE() -> FALSE | AD25: 2
... A41: 359 | B41: 3.2718921 | C41: 84.038151 | D41: 96.994654 | E41: 168.39867 | F41: 236.59286 | G41: 251.05761 | H41: 256.68352 | I41: 18.192657 | J41: 47.566874 | K41: 32.164401 | L41: 16.956661 | M41: 2.9123178 | N41: 2.7632646 | O41: 1 | P41: 0.48413003 | Q41: 0.51371405 | R41: 0.00079821564 | S41: 0.95477972 | T41: 981.08137 | U41: 0.34306512 | V41: 0.66661937 | W41: 0.50513555 | X41: 0.50494001 | Y41: 1.4983732 | Z41: 0.34070158 | AA41: =TRUE() -> TRUE | AB41: =FALSE() -> FALSE | AC41: =FALSE() -> FALSE | AD41: 1
A42: 384 | B42: 6.8111688 | C42: 80.917567 | D42: 80.214419 | E42: 164.4899 | F42: 223.97957 | G42: 255.54149 | H42: 238.911 | I42: 16.354826 | J42: 36.960485 | K42: 16.417182 | L42: 20.22207 | M42: 4.4427679 | N42: 4.4560178 | O42: 1 | P42: 0.58976695 | Q42: 0.59124353 | R42: 0.00049950639 | S42: 0.96008725 | T42: 1186.8184 | U42: 0.15602726 | V42: 0.84835525 | W42: 0.13104097 | X42: 0.37847449 | Y42: 4.0473653 | Z42: 0.90639344 | AA42: =TRUE() -> TRUE | AB42: =FALSE() -> FALSE | AC42: =TRUE() -> TRUE | AD42: 1
A43: 386 | B43: 2.8242224 | C43: 82.303728 | D43: 99.322331 | E43: 132.14956 | F43: 256.35589 | G43: 221.58128 | H43: 242.80709 | I43: 20.250098 | J43: 43.014219 | K43: 14.861997 | L43: 20.90091 | M43: 3.2967867 | N43: 5.1605359 | O43: 1 | P43: 0.36217699 | Q43: 0.34327465 | R43: 0.00044882752 | S43: 0.95825268 | T43: 1017.2984 | U43: 0.1242945 | V43: 0.78553742 | W43: 0.43928155 | X43: 0.44970449 | Y43: 2.8818477 | Z43: -0.41256618 | AA43: =TRUE() -> TRUE | AB43: =FALSE() -> FALSE | AC43: =FALSE() -> FALSE | AD43: 1
A44: 391 | B44: 5.3018034 | C44: 82.863764 | D44: 99.10285 | E44: 168.06947 | F44: 234.12522 | G44: 253.31519 | H44: 250.65918 | I44: 22.539827 | J44: 68.22839 | K44: 20.487308 | L44: 16.795241 | M44: 7.3941458 | N44: 7.2241999 | O44: 1 | P44: 0.32191047 | Q44: 0.3215646 | R44: 0.00094789122 | S44: 0.94907724 | T44: 875.23624 | U44: 0.43678502 | V44: 0.47136036 | W44: 0.69759527 | X44: 0.53524688 | Y44: -0.17203528 | Z44: -0.026222221 | AA44: =TRUE() -> TRUE | AB44: =FALSE() -> FALSE | AC44: =FALSE() -> FALSE | AD44: 2
A45: 392 | B45: 3.7005918 | C45: 81.169222 | D45: 98.922118 | E45: 137.6768 | F45: 256.40679 | G45: 223.75254 | H45: 226.07759 | I45: 21.377021 | J45: 40.646157 | K45: 15.505931 | L45: 19.725691 | M45: 3.9556579 | N45: 4.6236014 | O45: 1 | P45: 0.49093304 | Q45: 0.37713233 | R45: 0.00043392995 | S45: 0.95854949 | T45: 1044.4994 | U45: 0.11496634 | V45: 0.79570056 | W45: 0.38982171 | X45: 0.4334962 | Y45: 3.1173443 | Z45: -0.27126884 | AA45: =TRUE() -> TRUE | AB45: =FALSE() -> FALSE | AC45: =FALSE() -> FALSE | AD45: 1
A46: 397 | B46: 3.7740559 | C46: 83.714771 | D46: 97.139014 | E46: 138.51548 | F46: 239.66942 | G46: 259.99272 | H46: 243.83453 | I46: 19.970617 | J46: 61.086584 | K46: 16.567465 | L46: 19.424923 | M46: 4.7737347 | N46: 6.945953 | O46: 1 | P46: 0.5482045 | Q46: 0.40239532 | R46: 0.00062951177 | S46: 0.95264883 | T46: 900.33403 | U46: 0.23743059 | V46: 0.59365559 | W46: 0.6519596 | X46: 0.49434859 | Y46: 1.0902343 | Z46: -0.75636944 | AA46: =TRUE() -> TRUE | AB46: =FALSE() -> FALSE | AC46: =FALSE() -> FALSE | AD46: 2
A47: 409 | B47: 5.1260257 | C47: 84.507618 | D47: 99.093647 | E47: 166.66748 | F47: 245.18203 | G47: 223.19868 | H47: 237.90918 | I47: 18.337213 | J47: 41.238988 | K47: 13.217202 | L47: 14.31232 | M47: 4.6560421 | N47: 5.5261428 | O47: 1 | P47: 0.39809257 | Q47: 0.33603457 | R47: 0.00045271952 | S47: 0.96071291 | T47: 1081.517 | U47: 0.12673149 | V47: 0.86977862 | W47: 0.32251193 | X47: 0.43967401 | Y47: 3.5736269 | Z47: 0.078118665 | AA47: =TRUE() -> TRUE | AB47: =FALSE() -> FALSE | AC47: =FALSE() -> FALSE | AD47: 1
A48: 424 | B48: 4.0635443 | C48: 84.886551 | D48: 92.576492 | E48: 130.64958 | F48: 235.60241 | G48: 234.12668 | H48: 227.83009 | I48: 37.974907 | J48: 63.667708 | K48: 15.652891 | L48: 22.568799 | M48: 6.867915 | N48: 6.7455682 | O48: 1 | P48: 0.54583065 | Q48: 0.56171936 | R48: 0.0006956719 | S48: 0.94682153 | T48: 810.20362 | U48: 0.27885699 | V48: 0.39412209 | W48: 0.81584502 | X48: 0.4962747 | Y48: -0.32404234 | Z48: -1.2769803 | AA48: =TRUE() -> TRUE | AB48: =FALSE() -> FALSE | AC48: =FALSE() -> FALSE | AD48: 2
A49: 425 | B49: 3.2008991 | C49: 83.984532 | D49: 97.201238 | E49: 132.19147 | F49: 252.52904 | G49: 251.29009 | H49: 255.80433 | I49: 37.506912 | J49: 77.661268 | K49: 35.953687 | L49: 36.103387 | M49: 5.2036503 | N49: 4.5816949 | O49: 1 | P49: 0.33033119 | Q49: 0.58638154 | R49: 0.0015895266 | S49: 0.93793411 | T49: 791.54393 | U49: 0.83854732 | V49: 0.08980714 | W49: 0.8497742 | X49: 0.59270955 | Y49: -3.4077081 | Z49: 1.1410432 | AA49: =TRUE() -> TRUE | AB49: =FALSE() -> FALSE | AC49: =FALSE() -> FALSE | AD49: 0
A50: 452 | B50: 2.9876838 | C50: 81.583828 | D50: 96.548496 | E50: 144.83329 | F50: 232.54044 | G50: 220.27682 | H50: 237.17458 | I50: 16.622004 | J50: 30.227529 | K50: 30.905746 | L50: 24.284483 | M50: 3.4085031 | N50: 7.3817305 | O50: 1 | P50: 0.39408281 | Q50: 0.51259697 | R50: 0.00073129955 | S50: 0.95681326 | T50: 1055.6751 | U50: 0.30116537 | V50: 0.73625011 | W50: 0.36950076 | X50: 0.46897208 | Y50: 2.3494752 | Z50: 0.67464697 | AA50: =TRUE() -> TRUE | AB50: =FALSE() -> FALSE | AC50: =FALSE() -> FALSE | AD50: 1
A51: 455 | B51: 2.2071312 | C51: 83.636555 | D51: 90.731946 | E51: 147.81035 | F51: 225.87168 | G51: 236.87457 | H51: 235.04859 | I51: 29.589485 | J51: 79.610038 | K51: 28.559607 | L51: 25.264334 | M51: 3.171858 | N51: 4.3793144 | O51: 1 | P51: 0.35091366 | Q51: 0.53551318 | R51: 0.0010775776 | S51: 0.94353581 | T51: 791.98656 | U51: 0.51798863 | V51: 0.28161547 | W51: 0.84896936 | X51: 0.54952449 | Y51: -1.6414635 | Z51: -0.30087749 | AA51: =TRUE() -> TRUE | AB51: =FALSE() -> FALSE | AC51: =TRUE() -> TRUE | AD51: 0
A52: 474 | B52: 6.0962594 | C52: 78.582576 | D52: 99.192763 | E52: 144.93917 | F52: 259.38801 | G52: 228.68055 | H52: 256.9125 | I52: 15.039257 | J52: 37.222055 | K52: 19.104489 | L52: 17.588348 | M52: 5.8590617 | N52: 6.7738269 | O52: 1 | P52: 0.64341373 | Q52: 0.41842528 | R52: 0.00049776333 | S52: 0.95939683 | T52: 1084.8803 | U52: 0.15493584 | V52: 0.82471448 | W52: 0.3163965 | X52: 0.43201561 | Y52: 3.3374211 | Z52: 0.20992429 | AA52: =TRUE() -> TRUE | AB52: =FALSE() -> FALSE | AC52: =FALSE() -> FALSE | AD52: 1
A53: 481 | B53: 4.9210304 | C53: 84.48094 | D53: 80.857769 | E53: 162.61384 | F53: 237.66723 | G53: 256.08543 | H53: 238.40325 | I53: 41.790234 | J53: 68.062085 | K53: 14.684704 | L53: 13.022317 | M53: 4.2911848 | N53: 4.9051648 | O53: 1 | P53: 0.50408154 | Q53: 0.38054078 | R53: 0.00054982588 | S53: 0.94819228 | T53: 807.92755 | U53: 0.18753499 | V53: 0.44105821 | W53: 0.81998362 | X53: 0.48285894 | Y53: 0.13650239 | Z53: -1.7085201 | AA53: =TRUE() -> TRUE | AB53: =FALSE() -> FALSE | AC53: =FALSE() -> FALSE | AD53: 2
A54: 486 | B54: 6.1682364 | C54: 78.548235 | D54: 95.559391 | E54: 163.12361 | F54: 252.32184 | G54: 222.04625 | H54: 250.81116 | I54: 18.863931 | J54: 53.33864 | K54: 32.330998 | L54: 22.807158 | M54: 4.8078814 | N54: 6.4497428 | O54: 1 | P54: 0.49470462 | Q54: 0.47683242 | R54: 0.0011094711 | S54: 0.94991062 | T54: 962.13031 | U54: 0.53795881 | V54: 0.49989613 | W54: 0.53959454 | X54: 0.52581649 | Y54: 0.12848502 | Z54: 1.0620609 | AA54: =TRUE() -> TRUE | AB54: =FALSE() -> FALSE | AC54: =FALSE() -> FALSE | AD54: 2
A55: 490 | B55: 3.6026621 | C55: 83.135556 | D55: 96.406663 | E55: 148.00126 | F55: 222.27735 | G55: 240.24688 | H55: 249.87891 | I55: 16.651861 | J55: 47.338933 | K55: 31.741487 | L55: 17.385879 | M55: 6.5142365 | N55: 7.3321941 | O55: 1 | P55: 0.39225312 | Q55: 0.60133122 | R55: 0.00094309608 | S55: 0.95312228 | T55: 969.43906 | U55: 0.43378252 | V55: 0.60986679 | W55: 0.52630492 | X55: 0.52331808 | Y55: 0.91862891 | Z55: 0.67080124 | AA55: =TRUE() -> TRUE | AB55: =FALSE() -> FALSE | AC55: =FALSE() -> FALSE | AD55: 2
A56: 503 | B56: 5.9643192 | C56: 84.179815 | D56: 85.198821 | E56: 163.31346 | F56: 243.24489 | G56: 237.72216 | H56: 243.16857 | I56: 24.914144 | J56: 89.786077 | K56: 23.193429 | L56: 32.516751 | M56: 5.4764739 | N56: 4.4912442 | O56: 1 | P56: 0.39064734 | Q56: 0.58005475 | R56: 0.001459745 | S56: 0.94070931 | T56: 775.95696 | U56: 0.75728409 | V56: 0.18483284 | W56: 0.8781162 | X56: 0.60674438 | Y56: -2.8891806 | Z56: 0.70037601 | AA56: =TRUE() -> TRUE | AB56: =FALSE() -> FALSE | AC56: =FALSE() -> FALSE | AD56: 0
A57: 507 | B57: 2.7527211 | C57: 84.933442 | D57: 99.224844 | E57: 145.52394 | F57: 259.4821 | G57: 243.9676 | H57: 220.53638 | I57: 18.973189 | J57: 34.668197 | K57: 25.336449 | L57: 12.924757 | M57: 6.5014574 | N57: 4.0359808 | O57: 1 | P57: 0.44842632 | Q57: 0.37506401 | R57: 0.00048408472 | S57: 0.95962755 | T57: 1057.4095 | U57: 0.14637092 | V57: 0.83261449 | W57: 0.36634697 | X57: 0.44844413 | Y57: 3.2252591 | Z57: -0.009210447 | AA57: =TRUE() -> TRUE | AB57: =FALSE() -> FALSE | AC57: =FALSE() -> FALSE | AD57: 1
A58: 532 | B58: 6.8517618 | C58: 83.2908 | D58: 98.435608 | E58: 161.68317 | F58: 239.18877 | G58: 250.61718 | H58: 220.88431 | I58: 23.961442 | J58: 59.152515 | K58: 28.189499 | L58: 27.782595 | M58: 3.0338018 | N58: 6.5911713 | O58: 1 | P58: 0.50298692 | Q58: 0.65953143 | R58: 0.0011971086 | S58: 0.94746279 | T58: 895.40275 | U58: 0.59283336 | V58: 0.41607971 | W58: 0.66092622 | X58: 0.5566131 | Y58: -0.76870458 | Z58: 0.83477031 | AA58: =TRUE() -> TRUE | AB58: =FALSE() -> FALSE | AC58: =FALSE() -> FALSE | AD58: 2
A59: 543 | B59: 6.9825235 | C59: 82.537902 | D59: 94.666487 | E59: 144.10477 | F59: 241.53585 | G59: 222.07432 | H59: 231.31268 | I59: 16.311775 | J59: 88.517596 | K59: 31.231424 | L59: 35.48057 | M59: 6.7670672 | N59: 3.1068046 | O59: 1 | P59: 0.38890742 | Q59: 0.53800214 | R59: 0.0018322354 | S59: 0.94033983 | T59: 800.11752 | U59: 0.99052029 | V59: 0.17218161 | W59: 0.83418472 | X59: 0.66562887 | Y59: -3.565214 | Z59: 1.991343 | AA59: =TRUE() -> TRUE | AB59: =FALSE() -> FALSE | AC59: =FALSE() -> FALSE | AD59: 0
A60: 544 | B60: 2.1291913 | C60: 84.8329 | D60: 92.104371 | E60: 137.25064 | F60: 248.51411 | G60: 223.54429 | H60: 248.72778 | I60: 15.165609 | J60: 61.335959 | K60: 24.681411 | L60: 21.820235 | M60: 4.9802777 | N60: 3.0270779 | O60: 1 | P60: 0.59520288 | Q60: 0.64622271 | R60: 0.00067365209 | S60: 0.9524324 | T60: 903.72726 | U60: 0.26506921 | V60: 0.58624478 | W60: 0.64578964 | X60: 0.49903455 | Y60: 0.99204793 | Z60: -0.6035698 | AA60: =TRUE() -> TRUE | AB60: =FALSE() -> FALSE | AC60: =FALSE() -> FALSE | AD60: 2
A61: 563 | B61: 5.5726064 | C61: 80.14389 | D61: 96.893865 | E61: 138.72329 | F61: 245.57385 | G61: 224.08176 | H61: 243.37974 | I61: 26.180082 | J61: 45.675143 | K61: 33.55928 | L61: 17.85478 | M61: 3.4289016 | N61: 5.9517688 | O61: 1 | P61: 0.3210684 | Q61: 0.49335594 | R61: 0.00092628698 | S61: 0.95141917 | T61: 962.79114 | U61: 0.42325745 | V61: 0.55155045 | W61: 0.53839293 | X61: 0.50440028 | Y61: 0.70227631 | Z61: 0.5388291 | AA61: =TRUE() -> TRUE | AB61: =FALSE() -> FALSE | AC61: =FALSE() -> FALSE | AD61: 2
A62: 565 | B62: 5.5007555 | C62: 81.088369 | D62: 99.395364 | E62: 164.82106 | F62: 224.09185 | G62: 245.4487 | H62: 224.23876 | I62: 16.277265 | J62: 56.406532 | K62: 13.559547 | L62: 27.589455 | M62: 3.7841865 | N62: 6.7443561 | O62: 1 | P62: 0.48027623 | Q62: 0.41414709 | R62: 0.00078644282 | S62: 0.9534711 | T62: 953.13081 | U62: 0.33569353 | V62: 0.62181093 | W62: 0.55595845 | X62: 0.50448763 | Y62: 1.1889672 | Z62: 0.09123323 | AA62: =TRUE() -> TRUE | AB62: =FALSE() -> FALSE | AC62: =FALSE() -> FALSE | AD62: 2
A63: 568 | B63: 2.6019535 | C63: 84.723667 | D63: 81.311845 | E63: 145.62788 | F63: 240.27157 | G63: 247.61804 | H63: 247.60766 | I63: 36.534924 | J63: 70.071354 | K63: 20.20307 | L63: 18.718594 | M63: 6.3690875 | N63: 3.0742258 | O63: 1 | P63: 0.35728639 | Q63: 0.31757767 | R63: 0.00066096767 | S63: 0.94679854 | T63: 803.97686 | U63: 0.25712681 | V63: 0.393335 | W63: 0.82716723 | X63: 0.49254301 | Y63: -0.29265726 | Z63: -1.424866 | AA63: =TRUE() -> TRUE | AB63: =FALSE() -> FALSE | AC63: =FALSE() -> FALSE | AD63: 2
... A65: 584 | B65: 5.0161723 | C65: 83.739403 | D65: 98.355673 | E65: 159.23105 | F65: 259.45401 | G65: 227.08253 | H65: 247.4784 | I65: 15.748879 | J65: 76.798928 | K65: 32.264029 | L65: 14.757223 | M65: 4.6941951 | N65: 5.2113908 | O65: 1 | P65: 0.53333469 | Q65: 0.40259186 | R65: 0.0010620192 | S65: 0.94755537 | T65: 842.94143 | U65: 0.50824664 | V65: 0.41924971 | W65: 0.75631739 | X65: 0.56127125 | Y65: -0.79796538 | Z65: 0.075753816 | AA65: =TRUE() -> TRUE | AB65: =FALSE() -> FALSE | AC65: =FALSE() -> FALSE | AD65: 2
A66: 600 | B66: 5.9126029 | C66: 84.632031 | D66: 80.735064 | E66: 169.15082 | F66: 229.63031 | G66: 254.40048 | H66: 236.10511 | I66: 15.339013 | J66: 72.558485 | K66: 18.78874 | L66: 26.358694 | M66: 4.2492547 | N66: 5.6763584 | O66: 1 | P66: 0.39330171 | Q66: 0.50426143 | R66: 0.0010312835 | S66: 0.94891683 | T66: 918.94066 | U66: 0.48900137 | V66: 0.46586768 | W66: 0.61812688 | X66: 0.52433198 | Y66: -0.096977016 | Z66: 0.51521896 | AA66: =TRUE() -> TRUE | AB66: =FALSE() -> FALSE | AC66: =TRUE() -> TRUE | AD66: 2
A67: 611 | B67: 6.7758982 | C67: 79.458349 | D67: 98.703468 | E67: 147.66986 | F67: 257.75332 | G67: 235.11245 | H67: 220.09216 | I67: 15.536693 | J67: 71.670982 | K67: 32.270017 | L67: 28.320927 | M67: 3.3508119 | N67: 3.8902627 | O67: 1 | P67: 0.55932448 | Q67: 0.35983215 | R67: 0.0012272636 | S67: 0.94603809 | T67: 873.94363 | U67: 0.61171502 | V67: 0.36729647 | W67: 0.69994564 | X67: 0.55965238 | Y67: -1.1401687 | Z67: 0.7540447 | AA67: =TRUE() -> TRUE | AB67: =FALSE() -> FALSE | AC67: =FALSE() -> FALSE | AD67: 0
A68: 633 | B68: 3.033592 | C68: 83.2266 | D68: 97.550245 | E68: 158.41391 | F68: 245.17176 | G68: 225.04099 | H68: 239.24956 | I68: 15.273319 | J68: 52.445559 | K68: 25.266719 | L68: 30.530444 | M68: 2.9281196 | N68: 4.5248819 | O68: 1 | P68: 0.34400356 | Q68: 0.31844347 | R68: 0.00091673388 | S68: 0.95225223 | T68: 956.68004 | U68: 0.41727574 | V68: 0.58007529 | W68: 0.54950484 | X68: 0.51561862 | Y68: 0.78758611 | Z68: 0.48692754 | AA68: =TRUE() -> TRUE | AB68: =FALSE() -> FALSE | AC68: =FALSE() -> FALSE | AD68: 2
A69: 635 | B69: 5.1507481 | C69: 84.322672 | D69: 88.64812 | E69: 138.13354 | F69: 238.45041 | G69: 258.34072 | H69: 242.41609 | I69: 44.336477 | J69: 78.443383 | K69: 14.987918 | L69: 28.22008 | M69: 4.9147144 | N69: 4.4718193 | O69: 1 | P69: 0.41402498 | Q69: 0.49824173 | R69: 0.00091375221 | S69: 0.9418881 | T69: 739.75218 | U69: 0.41540875 | V69: 0.22519588 | W69: 0.94394788 | X69: 0.52818417 | Y69: -1.8243533 | Z69: -1.1835051 | AA69: =TRUE() -> TRUE | AB69: =FALSE() -> FALSE | AC69: =FALSE() -> FALSE | AD69: 0
A70: 647 | B70: 3.6429647 | C70: 84.675891 | D70: 97.459578 | E70: 138.1157 | F70: 226.86281 | G70: 232.52242 | H70: 220.5805 | I70: 15.246872 | J70: 51.24184 | K70: 20.009005 | L70: 22.812942 | M70: 6.7871622 | N70: 4.3897063 | O70: 1 | P70: 0.30059995 | Q70: 0.63225241 | R70: 0.00075503764 | S70: 0.95473157 | T70: 949.29356 | U70: 0.31602906 | V70: 0.66497092 | W70: 0.56293577 | X70: 0.51464525 | Y70: 1.3868447 | Z70: -0.0032199453 | AA70: =TRUE() -> TRUE | AB70: =FALSE() -> FALSE | AC70: =FALSE() -> FALSE | AD70: 2
A71: 682 | B71: 5.9600333 | C71: 83.709884 | D71: 93.667742 | E71: 138.36392 | F71: 236.66466 | G71: 231.19819 | H71: 251.78119 | I71: 25.10741 | J71: 76.647569 | K71: 19.873321 | L71: 16.749797 | M71: 5.8979417 | N71: 5.0266343 | O71: 1 | P71: 0.52221361 | Q71: 0.58605616 | R71: 0.00086087921 | S71: 0.94744881 | T71: 814.90605 | U71: 0.38230214 | V71: 0.41560091 | W71: 0.80729451 | X71: 0.53506586 | Y71: -0.56313062 | Z71: -0.72735896 | AA71: =TRUE() -> TRUE | AB71: =FALSE() -> FALSE | AC71: =FALSE() -> FALSE | AD71: 2
A72: 696 | B72: 5.5247736 | C72: 82.995313 | D72: 92.669274 | E72: 134.05251 | F72: 238.40184 | G72: 223.90569 | H72: 249.24388 | I72: 40.041747 | J72: 89.881731 | K72: 30.742553 | L72: 33.545507 | M72: 6.4435122 | N72: 2.6661067 | O72: 1 | P72: 0.42023772 | Q72: 0.52618093 | R72: 0.0015655072 | S72: 0.93620342 | T72: 743.61279 | U72: 0.82350744 | V72: 0.030546148 | W72: 0.93692808 | X72: 0.59699389 | Y72: -3.8668126 | Z72: 0.7125296 | AA72: =TRUE() -> TRUE | AB72: =FALSE() -> FALSE | AC72: =FALSE() -> FALSE | AD72: 0
A73: 700 | B73: 4.468404 | C73: 75.822247 | D73: 98.23601 | E73: 142.21956 | F73: 222.40148 | G73: 235.13765 | H73: 227.30359 | I73: 15.564711 | J73: 30.108746 | K73: 14.409928 | L73: 21.615531 | M73: 4.7521358 | N73: 4.5201458 | O73: 1 | P73: 0.35384816 | Q73: 0.42075511 | R73: 0.00041785586 | S73: 0.96260671 | T73: 1188.9546 | U73: 0.10490149 | V73: 0.93462443 | W73: 0.12715675 | X73: 0.38889423 | Y73: 4.5428133 | Z73: 0.72496018 | AA73: =TRUE() -> TRUE | AB73: =FALSE() -> FALSE | AC73: =FALSE() -> FALSE | AD73: 1
A74: 719 | B74: 3.7565701 | C74: 77.292125 | D74: 97.488766 | E74: 159.55083 | F74: 240.88143 | G74: 240.78058 | H74: 238.05396 | I74: 17.187481 | J74: 83.238349 | K74: 23.092775 | L74: 13.154333 | M74: 3.4031218 | N74: 2.6260508 | O74: 1 | P74: 0.35209179 | Q74: 0.6181636 | R74: 0.00092080866 | S74: 0.94933369 | T74: 844.63748 | U74: 0.41982718 | V74: 0.48014142 | W74: 0.75323344 | X74: 0.55106735 | Y74: -0.27225273 | Z74: -0.3065312 | AA74: =TRUE() -> TRUE | AB74: =FALSE() -> FALSE | AC74: =FALSE() -> FALSE | AD74: 2
A75: 730 | B75: 5.0563986 | C75: 84.679836 | D75: 95.1641 | E75: 132.02398 | F75: 249.7665 | G75: 258.88689 | H75: 234.34641 | I75: 28.61986 | J75: 87.670834 | K75: 20.758247 | L75: 20.176816 | M75: 4.5211061 | N75: 5.5089857 | O75: 1 | P75: 0.40844531 | Q75: 0.35273818 | R75: 0.00096343298 | S75: 0.94362364 | T75: 762.18895 | U75: 0.44651654 | V75: 0.28462303 | W75: 0.90315079 | X75: 0.54476345 | Y75: -1.5754528 | Z75: -0.84560264 | AA75: =TRUE() -> TRUE | AB75: =FALSE() -> FALSE | AC75: =FALSE() -> FALSE | AD75: 0
A76: 749 | B76: 6.4564597 | C76: 82.032141 | D76: 95.827644 | E76: 146.55333 | F76: 253.52539 | G76: 242.19114 | H76: 229.25274 | I76: 19.58818 | J76: 78.055685 | K76: 16.923649 | L76: 35.799413 | M76: 4.4581486 | N76: 4.5138507 | O76: 1 | P76: 0.46239082 | Q76: 0.61791542 | R76: 0.0012316845 | S76: 0.9451252 | T76: 833.06205 | U76: 0.61448322 | V76: 0.33603784 | W76: 0.7742812 | X76: 0.57493409 | Y76: -1.5142247 | Z76: 0.47675616 | AA76: =TRUE() -> TRUE | AB76: =FALSE() -> FALSE | AC76: =FALSE() -> FALSE | AD76: 0
A77: 750 | B77: 6.9713352 | C77: 84.644186 | D77: 85.298747 | E77: 133.67324 | F77: 240.06761 | G77: 224.45291 | H77: 224.31814 | I77: 39.070494 | J77: 86.703952 | K77: 25.481487 | L77: 29.364966 | M77: 5.5136707 | N77: 4.9331645 | O77: 1 | P77: 0.42125544 | Q77: 0.60666918 | R77: 0.0013552674 | S77: 0.93837696 | T77: 722.44948 | U77: 0.69186505 | V77: 0.10497061 | W77: 0.97540963 | X77: 0.59074843 | Y77: -3.288711 | Z77: -0.023958418 | AA77: =TRUE() -> TRUE | AB77: =FALSE() -> FALSE | AC77: =FALSE() -> FALSE | AD77: 0
A78: 764 | B78: 6.7194066 | C78: 77.499319 | D78: 88.917517 | E78: 152.83894 | F78: 255.55688 | G78: 249.3982 | H78: 221.14541 | I78: 16.666289 | J78: 55.628367 | K78: 17.259311 | L78: 12.873731 | M78: 3.5731824 | N78: 4.7016157 | O78: 1 | P78: 0.36321027 | Q78: 0.37678274 | R78: 0.00056011506 | S78: 0.95685092 | T78: 1048.7884 | U78: 0.19397759 | V78: 0.73753971 | W78: 0.38202284 | X78: 0.43784672 | Y78: 2.6698105 | Z78: 0.10650776 | AA78: =TRUE() -> TRUE | AB78: =FALSE() -> FALSE | AC78: =FALSE() -> FALSE | AD78: 1
... A83: 829 | B83: 6.5686079 | C83: 80.536256 | D83: 96.469867 | E83: 137.56357 | F83: 250.06842 | G83: 244.98589 | H83: 233.92658 | I83: 25.932235 | J83: 64.319612 | K83: 36.840612 | L83: 12.950623 | M83: 4.885558 | N83: 5.9341229 | O83: 1 | P83: 0.3349062 | Q83: 0.34723861 | R83: 0.0010970988 | S83: 0.9470087 | T83: 880.07755 | U83: 0.5302119 | V83: 0.40053128 | W83: 0.68879224 | X83: 0.53984514 | Y83: -0.71006688 | Z83: 0.41766509 | AA83: =TRUE() -> TRUE | AB83: =FALSE() -> FALSE | AC83: =FALSE() -> FALSE | AD83: 2
A84: 851 | B84: 5.8738045 | C84: 80.606139 | D84: 90.785336 | E84: 163.82935 | F84: 240.79232 | G84: 259.61711 | H84: 257.60125 | I84: 20.290997 | J84: 64.827243 | K84: 34.857755 | L84: 23.155422 | M84: 5.0771794 | N84: 7.39698 | O84: 1 | P84: 0.42719606 | Q84: 0.54388054 | R84: 0.0013755486 | S84: 0.94603896 | T84: 900.02884 | U84: 0.70456418 | V84: 0.36732626 | W84: 0.65251452 | X84: 0.57480165 | Y84: -1.2895148 | Z84: 1.3803942 | AA84: =TRUE() -> TRUE | AB84: =FALSE() -> FALSE | AC84: =TRUE() -> TRUE | AD84: 0
A85: 852 | B85: 6.8001062 | C85: 79.758184 | D85: 98.148018 | E85: 158.29944 | F85: 253.97689 | G85: 247.83558 | H85: 222.28328 | I85: 19.944432 | J85: 60.854783 | K85: 18.695247 | L85: 27.327161 | M85: 5.8035409 | N85: 5.0214101 | O85: 1 | P85: 0.52520318 | Q85: 0.61128593 | R85: 0.00098599258 | S85: 0.95005618 | T85: 921.92348 | U85: 0.46064232 | V85: 0.50488013 | W85: 0.61270319 | X85: 0.52607521 | Y85: 0.15700682 | Z85: 0.42097762 | AA85: =TRUE() -> TRUE | AB85: =FALSE() -> FALSE | AC85: =FALSE() -> FALSE | AD85: 2
A86: 853 | B86: 3.9374458 | C86: 83.531466 | D86: 99.373568 | E86: 169.81618 | F86: 249.26318 | G86: 224.59799 | H86: 233.33604 | I86: 21.603031 | J86: 78.018508 | K86: 15.120664 | L86: 29.774991 | M86: 3.5800282 | N86: 6.1765953 | O86: 1 | P86: 0.3044387 | Q86: 0.4955922 | R86: 0.0010672173 | S86: 0.94666811 | T86: 829.56494 | U86: 0.51150147 | V86: 0.38886888 | W86: 0.78064005 | X86: 0.5603368 | Y86: -1.0009661 | Z86: -0.016116027 | AA86: =TRUE() -> TRUE | AB86: =FALSE() -> FALSE | AC86: =FALSE() -> FALSE | AD86: 2
A87: 859 | B87: 2.8132265 | C87: 84.933247 | D87: 96.248455 | E87: 140.25055 | F87: 240.66764 | G87: 234.51747 | H87: 239.64533 | I87: 18.150428 | J87: 31.075801 | K87: 18.710792 | L87: 17.886672 | M87: 2.5335677 | N87: 3.1573961 | O87: 1 | P87: 0.56292355 | Q87: 0.41833946 | R87: 0.00032448287 | S87: 0.96268473 | T87: 1126.4138 | U87: 0.04643566 | V87: 0.93729597 | W87: 0.24087543 | X87: 0.40820235 | Y87: 4.3623627 | Z87: 0.026269058 | AA87: =TRUE() -> TRUE | AB87: =FALSE() -> FALSE | AC87: =FALSE() -> FALSE | AD87: 1
A88: 876 | B88: 6.5815943 | C88: 80.27214 | D88: 96.133571 | E88: 135.27223 | F88: 229.37375 | G88: 226.0297 | H88: 234.42097 | I88: 19.349359 | J88: 86.269328 | K88: 17.094415 | L88: 22.60503 | M88: 3.0493851 | N88: 4.2215472 | O88: 1 | P88: 0.58853119 | Q88: 0.64237556 | R88: 0.00088962425 | S88: 0.94661569 | T88: 807.28202 | U88: 0.40030094 | V88: 0.38707408 | W88: 0.8211574 | X88: 0.53617747 | Y88: -0.77324619 | Z88: -0.70792684 | AA88: =TRUE() -> TRUE | AB88: =FALSE() -> FALSE | AC88: =FALSE() -> FALSE | AD88: 2
A89: 895 | B89: 6.4074699 | C89: 84.075231 | D89: 98.275713 | E89: 149.78543 | F89: 246.74275 | G89: 235.24475 | H89: 241.43898 | I89: 16.649884 | J89: 87.095622 | K89: 20.17058 | L89: 18.693448 | M89: 5.9377269 | N89: 4.4898586 | O89: 1 | P89: 0.41304071 | Q89: 0.56855099 | R89: 0.0011386027 | S89: 0.94653832 | T89: 797.6521 | U89: 0.55619967 | V89: 0.38442475 | W89: 0.83866763 | X89: 0.59309735 | Y89: -1.3630274 | Z89: -0.012434347 | AA89: =TRUE() -> TRUE | AB89: =FALSE() -> FALSE | AC89: =FALSE() -> FALSE | AD89: 0
A90: 913 | B90: 4.6074906 | C90: 81.255038 | D90: 91.493959 | E90: 168.43374 | F90: 229.22316 | G90: 237.43152 | H90: 231.61382 | I90: 44.111679 | J90: 89.833833 | K90: 17.030046 | L90: 22.196 | M90: 3.8352719 | N90: 7.2597577 | O90: 1 | P90: 0.32550066 | Q90: 0.53947879 | R90: 0.0010600448 | S90: 0.94015731 | T90: 738.83481 | U90: 0.50701038 | V90: 0.16593183 | W90: 0.94561594 | X90: 0.53951939 | Y90: -2.3500223 | Z90: -0.7795011 | AA90: =TRUE() -> TRUE | AB90: =FALSE() -> FALSE | AC90: =FALSE() -> FALSE | AD90: 0
A91: 921 | B91: 5.6225034 | C91: 78.999996 | D91: 98.380987 | E91: 156.03403 | F91: 222.62241 | G91: 248.7828 | H91: 240.85136 | I91: 16.538072 | J91: 81.310138 | K91: 16.987466 | L91: 32.00264 | M91: 6.3738955 | N91: 6.4316072 | O91: 1 | P91: 0.34522809 | Q91: 0.67031337 | R91: 0.0013367066 | S91: 0.94518258 | T91: 839.77391 | U91: 0.68024318 | V91: 0.33800262 | W91: 0.76207693 | X91: 0.59344091 | Y91: -1.6854745 | Z91: 0.84353537 | AA91: =TRUE() -> TRUE | AB91: =FALSE() -> FALSE | AC91: =FALSE() -> FALSE | AD91: 0
A92: 938 | B92: 6.8596094 | C92: 83.65462 | D92: 91.966451 | E92: 132.27343 | F92: 259.8452 | G92: 247.85445 | H92: 248.70877 | I92: 19.258211 | J92: 67.688816 | K92: 15.768363 | L92: 18.865124 | M92: 5.7891715 | N92: 4.0728962 | O92: 1 | P92: 0.42860073 | Q92: 0.32600422 | R92: 0.00067488684 | S92: 0.95154688 | T92: 875.01946 | U92: 0.26584235 | V92: 0.55592354 | W92: 0.69798944 | X92: 0.50658511 | Y92: 0.70306809 | Z92: -0.80923906 | AA92: =TRUE() -> TRUE | AB92: =FALSE() -> FALSE | AC92: =FALSE() -> FALSE | AD92: 2
A93: 953 | B93: 6.651995 | C93: 77.540312 | D93: 99.041154 | E93: 149.17728 | F93: 259.24285 | G93: 256.44362 | H93: 245.51611 | I93: 17.310844 | J93: 58.593819 | K93: 27.338902 | L93: 31.287811 | M93: 7.3664786 | N93: 4.8769043 | O93: 1 | P93: 0.59342269 | Q93: 0.63477893 | R93: 0.001192855 | S93: 0.94793377 | T93: 929.25616 | U93: 0.59016998 | V93: 0.43220647 | W93: 0.59937007 | X93: 0.54058217 | Y93: -0.49294536 | Z93: 1.0564725 | AA93: =TRUE() -> TRUE | AB93: =FALSE() -> FALSE | AC93: =FALSE() -> FALSE | AD93: 2
A94: 961 | B94: 6.000501 | C94: 75.689256 | D94: 99.132229 | E94: 166.01395 | F94: 237.83474 | G94: 234.49266 | H94: 244.9408 | I94: 17.415925 | J94: 74.174847 | K94: 28.934394 | L94: 17.748344 | M94: 4.2312236 | N94: 2.8996096 | O94: 1 | P94: 0.3569179 | Q94: 0.32761699 | R94: 0.0010686637 | S94: 0.94833881 | T94: 889.5826 | U94: 0.51240716 | V94: 0.4460756 | W94: 0.67150908 | X94: 0.54333061 | Y94: -0.42756678 | Z94: 0.42230721 | AA94: =TRUE() -> TRUE | AB94: =FALSE() -> FALSE | AC94: =FALSE() -> FALSE | AD94: 2
A95: 967 | B95: 5.9699373 | C95: 81.125048 | D95: 96.697091 | E95: 132.23027 | F95: 226.36332 | G95: 228.79298 | H95: 249.08067 | I95: 15.440041 | J95: 35.076216 | K95: 37.174025 | L95: 31.361755 | M95: 5.9549195 | N95: 4.3733002 | O95: 1 | P95: 0.38144207 | Q95: 0.43212902 | R95: 0.0010108561 | S95: 0.95216305 | T95: 985.32677 | U95: 0.47621071 | V95: 0.57702187 | W95: 0.49741608 | X95: 0.51688289 | Y95: 0.75620429 | Z95: 0.96278615 | AA95: =TRUE() -> TRUE | AB95: =FALSE() -> FALSE | AC95: =FALSE() -> FALSE | AD95: 2
A96: 976 | B96: 5.5530765 | C96: 82.563617 | D96: 94.123837 | E96: 144.49609 | F96: 242.53012 | G96: 256.23564 | H96: 254.00149 | I96: 32.582642 | J96: 83.939599 | K96: 30.622158 | L96: 34.093341 | M96: 4.3494955 | N96: 4.4014302 | O96: 1 | P96: 0.43474447 | Q96: 0.67756127 | R96: 0.001541 | S96: 0.93882373 | T96: 784.88935 | U96: 0.80816221 | V96: 0.12026854 | W96: 0.86187431 | X96: 0.59676835 | Y96: -3.2372226 | Z96: 0.96761833 | AA96: =TRUE() -> TRUE | AB96: =FALSE() -> FALSE | AC96: =FALSE() -> FALSE | AD96: 0
... A105: 1149 | B105: 6.2147259 | C105: 80.651178 | D105: 86.791099 | E105: 145.82 | F105: 258.15554 | G105: 239.04704 | H105: 241.99232 | I105: 15.599444 | J105: 74.41941 | K105: 34.436638 | L105: 23.521218 | M105: 2.836927 | N105: 7.4657407 | O105: 1 | P105: 0.31750897 | Q105: 0.4888621 | R105: 0.0014152481 | S105: 0.94539408 | T105: 875.54441 | U105: 0.72942218 | V105: 0.34524489 | W105: 0.69703492 | X105: 0.59056733 | Y105: -1.6031859 | Z105: 1.3254755 | AA105: =TRUE() -> TRUE | AB105: =FALSE() -> FALSE | AC105: =FALSE() -> FALSE | AD105: 0
A106: 1168 | B106: 2.2669799 | C106: 82.093273 | D106: 89.80354 | E106: 149.26164 | F106: 253.20761 | G106: 241.50547 | H106: 259.64007 | I106: 18.755869 | J106: 66.630059 | K106: 17.595905 | L106: 19.963726 | M106: 6.3336794 | N106: 6.6481492 | O106: 1 | P106: 0.32674299 | Q106: 0.66776936 | R106: 0.0007786786 | S106: 0.95122831 | T106: 902.23002 | U106: 0.33083193 | V106: 0.54501516 | W106: 0.64851209 | X106: 0.50811973 | Y106: 0.61424668 | Z106: -0.31826705 | AA106: =TRUE() -> TRUE | AB106: =FALSE() -> FALSE | AC106: =TRUE() -> TRUE | AD106: 2
A107: 1198 | B107: 5.4826682 | C107: 83.139213 | D107: 87.162423 | E107: 165.80621 | F107: 237.7396 | G107: 226.69068 | H107: 222.31615 | I107: 30.901598 | J107: 86.833856 | K107: 25.348505 | L107: 24.0937 | M107: 5.4177751 | N107: 3.8875671 | O107: 1 | P107: 0.31829324 | Q107: 0.43155745 | R107: 0.001236075 | S107: 0.94159834 | T107: 768.62746 | U107: 0.61723231 | V107: 0.2152745 | W107: 0.89144355 | X107: 0.57465012 | Y107: -2.3565226 | Z107: -0.012894157 | AA107: =TRUE() -> TRUE | AB107: =FALSE() -> FALSE | AC107: =TRUE() -> TRUE | AD107: 0
A108: 1216 | B108: 3.7370398 | C108: 82.285831 | D108: 94.129505 | E108: 158.69471 | F108: 235.69545 | G108: 254.23456 | H108: 239.93206 | I108: 20.551577 | J108: 83.40201 | K108: 35.502588 | L108: 21.890832 | M108: 2.7801594 | N108: 2.9081038 | O108: 1 | P108: 0.37249069 | Q108: 0.60243422 | R108: 0.0013361221 | S108: 0.94392499 | T108: 810.78254 | U108: 0.67987717 | V108: 0.29494128 | W108: 0.81479236 | X108: 0.59653694 | Y108: -2.0183933 | Z108: 0.62245319 | AA108: =TRUE() -> TRUE | AB108: =FALSE() -> FALSE | AC108: =FALSE() -> FALSE | AD108: 0
A109: 1217 | B109: 4.8530384 | C109: 77.319495 | D109: 95.330807 | E109: 146.63679 | F109: 230.6807 | G109: 246.85662 | H109: 243.19483 | I109: 18.28054 | J109: 66.97563 | K109: 26.568418 | L109: 22.930441 | M109: 6.7420192 | N109: 5.8415306 | O109: 1 | P109: 0.46640821 | Q109: 0.50363958 | R109: 0.001074876 | S109: 0.9480699 | T109: 901.15546 | U109: 0.51629697 | V109: 0.43686771 | W109: 0.65046598 | X109: 0.53454356 | Y109: -0.40248459 | Z109: 0.51232025 | AA109: =TRUE() -> TRUE | AB109: =FALSE() -> FALSE | AC109: =FALSE() -> FALSE | AD109: 2
A110: 1229 | B110: 4.0905228 | C110: 77.991441 | D110: 97.778146 | E110: 139.32085 | F110: 232.76477 | G110: 247.43922 | H110: 232.35501 | I110: 15.67293 | J110: 43.622737 | K110: 20.427164 | L110: 18.025202 | M110: 3.8483497 | N110: 4.0856113 | O110: 1 | P110: 0.41956935 | Q110: 0.55373764 | R110: 0.0005334142 | S110: 0.95853126 | T110: 1051.2212 | U110: 0.17725876 | V110: 0.79507644 | W110: 0.37759927 | X110: 0.44997815 | Y110: 2.9483944 | Z110: 0.077029723 | AA110: =TRUE() -> TRUE | AB110: =FALSE() -> FALSE | AC110: =FALSE() -> FALSE | AD110: 1
A111: 1236 | B111: 2.1061462 | C111: 81.524246 | D111: 94.723026 | E111: 143.38185 | F111: 258.53151 | G111: 250.46892 | H111: 236.1724 | I111: 17.398834 | J111: 31.306589 | K111: 23.33744 | L111: 30.544322 | M111: 5.0791575 | N111: 5.3101694 | O111: 1 | P111: 0.50643092 | Q111: 0.67457145 | R111: 0.00060963351 | S111: 0.95694369 | T111: 1057.239 | U111: 0.22498375 | V111: 0.74071639 | W111: 0.36665703 | X111: 0.44411906 | Y111: 2.6297665 | Z111: 0.31592543 | AA111: =TRUE() -> TRUE | AB111: =FALSE() -> FALSE | AC111: =FALSE() -> FALSE | AD111: 1
A112: 1243 | B112: 4.7285684 | C112: 83.922712 | D112: 95.816493 | E112: 150.96794 | F112: 220.65505 | G112: 253.43311 | H112: 227.50268 | I112: 20.366703 | J112: 79.599444 | K112: 17.316255 | L112: 15.771941 | M112: 7.0245645 | N112: 6.1309894 | O112: 1 | P112: 0.30005923 | Q112: 0.67121244 | R112: 0.00096547532 | S112: 0.94834974 | T112: 820.68602 | U112: 0.44779537 | V112: 0.44644979 | W112: 0.79678472 | X112: 0.56367662 | Y112: -0.63494851 | Z112: -0.34999433 | AA112: =TRUE() -> TRUE | AB112: =FALSE() -> FALSE | AC112: =FALSE() -> FALSE | AD112: 2
A113: 1273 | B113: 4.3472163 | C113: 83.143286 | D113: 92.350977 | E113: 151.48862 | F113: 257.18218 | G113: 225.8233 | H113: 234.80065 | I113: 18.113856 | J113: 39.514128 | K113: 16.997557 | L113: 15.489232 | M113: 4.4717198 | N113: 3.9745018 | O113: 1 | P113: 0.32888119 | Q113: 0.63824147 | R113: 0.00047443716 | S113: 0.96045489 | T113: 1102.0079 | U113: 0.14033007 | V113: 0.86094375 | W113: 0.28525313 | X113: 0.42884232 | Y113: 3.6225792 | Z113: 0.27493004 | AA113: =TRUE() -> TRUE | AB113: =FALSE() -> FALSE | AC113: =FALSE() -> FALSE | AD113: 1
A114: 1283 | B114: 5.9116657 | C114: 83.63042 | D114: 80.07396 | E114: 137.53208 | F114: 242.64285 | G114: 231.46757 | H114: 229.41234 | I114: 29.478268 | J114: 83.130138 | K114: 28.085063 | L114: 18.290129 | M114: 2.6728826 | N114: 6.1970697 | O114: 1 | P114: 0.33693898 | Q114: 0.53535608 | R114: 0.0010811352 | S114: 0.94335325 | T114: 782.7285 | U114: 0.52021623 | V114: 0.27536449 | W114: 0.86580342 | X114: 0.55379471 | Y114: -1.7285316 | Z114: -0.35534033 | AA114: =TRUE() -> TRUE | AB114: =FALSE() -> FALSE | AC114: =FALSE() -> FALSE | AD114: 0
A115: 1326 | B115: 3.1727235 | C115: 77.931103 | D115: 89.365179 | E115: 162.04333 | F115: 259.40101 | G115: 245.87099 | H115: 257.84354 | I115: 16.382745 | J115: 45.700965 | K115: 26.097185 | L115: 33.430853 | M115: 6.4121456 | N115: 3.1951081 | O115: 1 | P115: 0.31381527 | Q115: 0.55141374 | R115: 0.0010322498 | S115: 0.95216454 | T115: 1026.4553 | U115: 0.48960645 | V115: 0.57707283 | W115: 0.42263155 | X115: 0.49643694 | Y115: 0.96510426 | Z115: 1.3010956 | AA115: =TRUE() -> TRUE | AB115: =FALSE() -> FALSE | AC115: =FALSE() -> FALSE | AD115: 2
A116: 1340 | B116: 5.1447189 | C116: 81.599677 | D116: 90.1142 | E116: 132.7715 | F116: 246.51222 | G116: 245.22463 | H116: 229.98297 | I116: 15.721848 | J116: 30.496131 | K116: 15.761107 | L116: 27.213619 | M116: 4.7995971 | N116: 3.9203316 | O116: 1 | P116: 0.55912812 | Q116: 0.50655111 | R116: 0.00046352755 | S116: 0.96053434 | T116: 1134.5303 | U116: 0.13349898 | V116: 0.86366408 | W116: 0.22611713 | X116: 0.40776006 | Y116: 3.8556574 | Z116: 0.45906856 | AA116: =TRUE() -> TRUE | AB116: =FALSE() -> FALSE | AC116: =FALSE() -> FALSE | AD116: 1
A117: 1351 | B117: 4.664617 | C117: 81.805076 | D117: 99.50874 | E117: 146.76976 | F117: 239.76521 | G117: 259.20959 | H117: 240.89897 | I117: 27.641866 | J117: 56.486261 | K117: 15.849474 | L117: 16.460933 | M117: 7.4601186 | N117: 2.6190947 | O117: 1 | P117: 0.61568582 | Q117: 0.33987172 | R117: 0.0005252526 | S117: 0.95305566 | T117: 929.43427 | U117: 0.17214834 | V117: 0.60758574 | W117: 0.5990462 | X117: 0.45959343 | Y117: 1.5379829 | Z117: -0.87326209 | AA117: =TRUE() -> TRUE | AB117: =FALSE() -> FALSE | AC117: =FALSE() -> FALSE | AD117: 1
A118: 1360 | B118: 4.2786974 | C118: 83.964695 | D118: 85.866152 | E118: 133.23925 | F118: 244.21045 | G118: 240.74638 | H118: 220.56796 | I118: 33.78049 | J118: 84.568717 | K118: 15.959458 | L118: 17.415076 | M118: 5.4065585 | N118: 6.9540631 | O118: 1 | P118: 0.3499756 | Q118: 0.40986621 | R118: 0.00075465577 | S118: 0.94444957 | T118: 748.55257 | U118: 0.31578995 | V118: 0.31290362 | W118: 0.92794601 | X118: 0.51887986 | Y118: -1.1206221 | Z118: -1.5565481 | AA118: =TRUE() -> TRUE | AB118: =FALSE() -> FALSE | AC118: =FALSE() -> FALSE | AD118: 2
A119: 1382 | B119: 6.9029936 | C119: 81.657874 | D119: 86.364141 | E119: 165.5913 | F119: 220.5426 | G119: 256.96014 | H119: 246.33584 | I119: 15.820057 | J119: 54.938966 | K119: 17.640771 | L119: 27.878239 | M119: 5.8215175 | N119: 6.5400968 | O119: 1 | P119: 0.46179149 | Q119: 0.57988199 | R119: 0.00095388769 | S119: 0.95223055 | T119: 993.27445 | U119: 0.44053973 | V119: 0.57933303 | W119: 0.4829647 | X119: 0.50094582 | Y119: 0.93270854 | Z119: 0.84283083 | AA119: =TRUE() -> TRUE | AB119: =FALSE() -> FALSE | AC119: =FALSE() -> FALSE | AD119: 2
... A168: 1871 | B168: 5.8910766 | C168: 81.809675 | D168: 99.290141 | E168: 152.67056 | F168: 241.73907 | G168: 234.54909 | H168: 241.83159 | I168: 19.0098 | J168: 84.052253 | K168: 31.826529 | L168: 18.250049 | M168: 7.3523339 | N168: 6.110334 | O168: 1 | P168: 0.47249219 | Q168: 0.49247598 | R168: 0.0013685613 | S168: 0.94362563 | T168: 816.02853 | U168: 0.70018911 | V168: 0.28469105 | W168: 0.80525351 | X168: 0.59671122 | Y168: -2.0909337 | Z168: 0.75000298 | AA168: =TRUE() -> TRUE | AB168: =FALSE() -> FALSE | AC168: =FALSE() -> FALSE | AD168: 0
A169: 1873 | B169: 3.2255032 | C169: 84.112406 | D169: 82.398655 | E169: 155.4409 | F169: 254.03712 | G169: 253.44242 | H169: 233.8449 | I169: 19.817546 | J169: 30.126371 | K169: 15.039006 | L169: 12.564223 | M169: 4.7894836 | N169: 2.734081 | O169: 1 | P169: 0.62435639 | Q169: 0.66926287 | R169: 0.0002503227 | S169: 0.96451598 | T169: 1258.8857 | U169: 0 | V169: 1 | W169: 0 | X169: 0.33333333 | Y169: 5.56031 | Z169: 0.71775492 | AA169: =TRUE() -> TRUE | AB169: =FALSE() -> FALSE | AC169: =TRUE() -> TRUE | AD169: 1
A170: 1878 | B170: 3.6792706 | C170: 81.206781 | D170: 95.663488 | E170: 164.53479 | F170: 250.48786 | G170: 220.78068 | H170: 252.98167 | I170: 18.955858 | J170: 69.208072 | K170: 21.218831 | L170: 16.472078 | M170: 7.033779 | N170: 3.8790892 | O170: 1 | P170: 0.34951217 | Q170: 0.63354501 | R170: 0.00090518617 | S170: 0.95073992 | T170: 886.16573 | U170: 0.4100451 | V170: 0.52829227 | W170: 0.67772202 | X170: 0.53868646 | Y170: 0.19021061 | Z170: -0.048623206 | AA170: =TRUE() -> TRUE | AB170: =FALSE() -> FALSE | AC170: =FALSE() -> FALSE | AD170: 2
A171: 1880 | B171: 5.9620476 | C171: 76.664371 | D171: 95.724767 | E171: 141.02009 | F171: 249.25257 | G171: 225.40634 | H171: 220.87209 | I171: 17.874393 | J171: 85.837834 | K171: 32.070987 | L171: 33.694671 | M171: 5.0681819 | N171: 4.8106514 | O171: 1 | P171: 0.44427358 | Q171: 0.6986826 | R171: 0.0016207292 | S171: 0.94092089 | T171: 827.43172 | U171: 0.85808489 | V171: 0.19207786 | W171: 0.7845189 | X171: 0.61156055 | Y171: -2.8825695 | Z171: 1.5385142 | AA171: =TRUE() -> TRUE | AB171: =FALSE() -> FALSE | AC171: =FALSE() -> FALSE | AD171: 0
A172: 1892 | B172: 2.1578925 | C172: 83.834865 | D172: 98.042732 | E172: 135.36248 | F172: 229.7486 | G172: 248.86442 | H172: 246.44288 | I172: 17.28474 | J172: 71.553278 | K172: 19.465715 | L172: 15.731225 | M172: 4.3923828 | N172: 3.5726319 | O172: 1 | P172: 0.42413342 | Q172: 0.37064884 | R172: 0.00061775717 | S172: 0.95218816 | T172: 857.871 | U172: 0.23007041 | V172: 0.57788177 | W172: 0.72917074 | X172: 0.51237431 | Y172: 0.79617819 | Z172: -1.0839065 | AA172: =TRUE() -> TRUE | AB172: =FALSE() -> FALSE | AC172: =FALSE() -> FALSE | AD172: 2
A173: 1914 | B173: 6.8787932 | C173: 82.872087 | D173: 84.55634 | E173: 138.0437 | F173: 240.05557 | G173: 221.95479 | H173: 221.69263 | I173: 40.558681 | J173: 88.450389 | K173: 27.625838 | L173: 20.043586 | M173: 6.0388506 | N173: 7.1038828 | O173: 1 | P173: 0.3784529 | Q173: 0.3581312 | R173: 0.0012301829 | S173: 0.93864128 | T173: 727.40585 | U173: 0.61354294 | V173: 0.11402138 | W173: 0.9663974 | X173: 0.5646539 | Y173: -2.963809 | Z173: -0.3677525 | AA173: =TRUE() -> TRUE | AB173: =FALSE() -> FALSE | AC173: =FALSE() -> FALSE | AD173: 0
A174: 1920 | B174: 2.180272 | C174: 84.638638 | D174: 86.072723 | E174: 143.28086 | F174: 237.24104 | G174: 230.91888 | H174: 247.4197 | I174: 34.330603 | J174: 88.006524 | K174: 14.077301 | L174: 32.923172 | M174: 7.2071581 | N174: 6.3425524 | O174: 1 | P174: 0.35066979 | Q174: 0.33949333 | R174: 0.00095260249 | S174: 0.94100727 | T174: 740.61123 | U174: 0.439735 | V174: 0.19503556 | W174: 0.94238586 | X174: 0.52571881 | Y174: -2.0092262 | Z174: -1.077922 | AA174: =TRUE() -> TRUE | AB174: =FALSE() -> FALSE | AC174: =FALSE() -> FALSE | AD174: 0
A175: 1953 | B175: 6.3273517 | C175: 82.198625 | D175: 97.674541 | E175: 167.42425 | F175: 234.40579 | G175: 258.71685 | H175: 232.03694 | I175: 29.045202 | J175: 41.416796 | K175: 28.365093 | L175: 26.298993 | M175: 5.7102025 | N175: 6.3094628 | O175: 1 | P175: 0.34805019 | Q175: 0.62865397 | R175: 0.0011157448 | S175: 0.95023538 | T175: 973.32203 | U175: 0.54188714 | V175: 0.51101638 | W175: 0.51924447 | X175: 0.52404933 | Y175: 0.22448283 | Z175: 1.1624509 | AA175: =TRUE() -> TRUE | AB175: =FALSE() -> FALSE | AC175: =FALSE() -> FALSE | AD175: 2
A176: 1956 | B176: 6.7222783 | C176: 83.369368 | D176: 96.598914 | E176: 141.31031 | F176: 232.13052 | G176: 235.05404 | H176: 236.93256 | I176: 17.172195 | J176: 35.04228 | K176: 34.888004 | L176: 29.271299 | M176: 4.0983643 | N176: 6.090463 | O176: 1 | P176: 0.50679724 | Q176: 0.51251737 | R176: 0.0010116678 | S176: 0.95276679 | T176: 999.91971 | U176: 0.47671893 | V176: 0.59769452 | W176: 0.47088151 | X176: 0.51509832 | Y176: 0.91907865 | Z176: 1.0750234 | AA176: =TRUE() -> TRUE | AB176: =FALSE() -> FALSE | AC176: =FALSE() -> FALSE | AD176: 2
...

Sheet exp_tests
A1: idx | B1: t2_days | C1: T3_C | D1: T4_C | E1: T5_C | F1: T6_C | G1: T7_C | H1: T8_C | I1: t3_min | J1: t4_min | K1: t5_min | L1: t6_min | M1: t7_min | N1: t8_min | O1: RH3 | P1: RH4 | Q1: RH5 | R1: C_gross | S1: J_gross | T1: R_raw | U1: C_norm | V1: J_norm | W1: R_norm | X1: Phi | Y1: PC1 | Z1: PC2 | AA1: is_pareto | AB1: is_mario | AC1: is_exp_test | AD1: cluster_id
A2: 109 | B2: 5.6322824 | C2: 79.833547 | D2: 97.606057 | E2: 137.0002 | F2: 229.09553 | G2: 233.56152 | H2: 230.39397 | I2: 29.858979 | J2: 65.725516 | K2: 16.682501 | L2: 13.61674 | M2: 2.6330875 | N2: 7.3658678 | O2: 1 | P2: 0.39207274 | Q2: 0.61171478 | R2: 0.00069817019 | S2: 0.95063197 | T2: 886.05283 | U2: 0.28042131 | V2: 0.52459601 | W2: 0.6779273 | X2: 0.49431487 | Y2: 0.60925103 | Z2: -0.6844633 | AA2: =TRUE() -> TRUE | AB2: =FALSE() -> FALSE | AC2: =TRUE() -> TRUE | AD2: 2
A3: 384 | B3: 6.8111688 | C3: 80.917567 | D3: 80.214419 | E3: 164.4899 | F3: 223.97957 | G3: 255.54149 | H3: 238.911 | I3: 16.354826 | J3: 36.960485 | K3: 16.417182 | L3: 20.22207 | M3: 4.4427679 | N3: 4.4560178 | O3: 1 | P3: 0.58976695 | Q3: 0.59124353 | R3: 0.00049950639 | S3: 0.96008725 | T3: 1186.8184 | U3: 0.15602726 | V3: 0.84835525 | W3: 0.13104097 | X3: 0.37847449 | Y3: 4.0473653 | Z3: 0.90639344 | AA3: =TRUE() -> TRUE | AB3: =FALSE() -> FALSE | AC3: =TRUE() -> TRUE | AD3: 1
A4: 455 | B4: 2.2071312 | C4: 83.636555 | D4: 90.731946 | E4: 147.81035 | F4: 225.87168 | G4: 236.87457 | H4: 235.04859 | I4: 29.589485 | J4: 79.610038 | K4: 28.559607 | L4: 25.264334 | M4: 3.171858 | N4: 4.3793144 | O4: 1 | P4: 0.35091366 | Q4: 0.53551318 | R4: 0.0010775776 | S4: 0.94353581 | T4: 791.98656 | U4: 0.51798863 | V4: 0.28161547 | W4: 0.84896936 | X4: 0.54952449 | Y4: -1.6414635 | Z4: -0.30087749 | AA4: =TRUE() -> TRUE | AB4: =FALSE() -> FALSE | AC4: =TRUE() -> TRUE | AD4: 0
A5: 600 | B5: 5.9126029 | C5: 84.632031 | D5: 80.735064 | E5: 169.15082 | F5: 229.63031 | G5: 254.40048 | H5: 236.10511 | I5: 15.339013 | J5: 72.558485 | K5: 18.78874 | L5: 26.358694 | M5: 4.2492547 | N5: 5.6763584 | O5: 1 | P5: 0.39330171 | Q5: 0.50426143 | R5: 0.0010312835 | S5: 0.94891683 | T5: 918.94066 | U5: 0.48900137 | V5: 0.46586768 | W5: 0.61812688 | X5: 0.52433198 | Y5: -0.096977016 | Z5: 0.51521896 | AA5: =TRUE() -> TRUE | AB5: =FALSE() -> FALSE | AC5: =TRUE() -> TRUE | AD5: 2
A6: 851 | B6: 5.8738045 | C6: 80.606139 | D6: 90.785336 | E6: 163.82935 | F6: 240.79232 | G6: 259.61711 | H6: 257.60125 | I6: 20.290997 | J6: 64.827243 | K6: 34.857755 | L6: 23.155422 | M6: 5.0771794 | N6: 7.39698 | O6: 1 | P6: 0.42719606 | Q6: 0.54388054 | R6: 0.0013755486 | S6: 0.94603896 | T6: 900.02884 | U6: 0.70456418 | V6: 0.36732626 | W6: 0.65251452 | X6: 0.57480165 | Y6: -1.2895148 | Z6: 1.3803942 | AA6: =TRUE() -> TRUE | AB6: =FALSE() -> FALSE | AC6: =TRUE() -> TRUE | AD6: 0
A7: 1168 | B7: 2.2669799 | C7: 82.093273 | D7: 89.80354 | E7: 149.26164 | F7: 253.20761 | G7: 241.50547 | H7: 259.64007 | I7: 18.755869 | J7: 66.630059 | K7: 17.595905 | L7: 19.963726 | M7: 6.3336794 | N7: 6.6481492 | O7: 1 | P7: 0.32674299 | Q7: 0.66776936 | R7: 0.0007786786 | S7: 0.95122831 | T7: 902.23002 | U7: 0.33083193 | V7: 0.54501516 | W7: 0.64851209 | X7: 0.50811973 | Y7: 0.61424668 | Z7: -0.31826705 | AA7: =TRUE() -> TRUE | AB7: =FALSE() -> FALSE | AC7: =TRUE() -> TRUE | AD7: 2
A8: 1198 | B8: 5.4826682 | C8: 83.139213 | D8: 87.162423 | E8: 165.80621 | F8: 237.7396 | G8: 226.69068 | H8: 222.31615 | I8: 30.901598 | J8: 86.833856 | K8: 25.348505 | L8: 24.0937 | M8: 5.4177751 | N8: 3.8875671 | O8: 1 | P8: 0.31829324 | Q8: 0.43155745 | R8: 0.001236075 | S8: 0.94159834 | T8: 768.62746 | U8: 0.61723231 | V8: 0.2152745 | W8: 0.89144355 | X8: 0.57465012 | Y8: -2.3565226 | Z8: -0.012894157 | AA8: =TRUE() -> TRUE | AB8: =FALSE() -> FALSE | AC8: =TRUE() -> TRUE | AD8: 0
A9: 1873 | B9: 3.2255032 | C9: 84.112406 | D9: 82.398655 | E9: 155.4409 | F9: 254.03712 | G9: 253.44242 | H9: 233.8449 | I9: 19.817546 | J9: 30.126371 | K9: 15.039006 | L9: 12.564223 | M9: 4.7894836 | N9: 2.734081 | O9: 1 | P9: 0.62435639 | Q9: 0.66926287 | R9: 0.0002503227 | S9: 0.96451598 | T9: 1258.8857 | U9: 0 | V9: 1 | W9: 0 | X9: 0.33333333 | Y9: 5.56031 | Z9: 0.71775492 | AA9: =TRUE() -> TRUE | AB9: =FALSE() -> FALSE | AC9: =TRUE() -> TRUE | AD9: 1
A10: 2123 | B10: 3.2613943 | C10: 75.590812 | D10: 99.015394 | E10: 148.14738 | F10: 240.15312 | G10: 220.66436 | H10: 230.23518 | I10: 16.133067 | J10: 68.949827 | K10: 35.203915 | L10: 13.352039 | M10: 5.9674079 | N10: 3.0044984 | O10: 1 | P10: 0.61936173 | Q10: 0.65855985 | R10: 0.00090668446 | S10: 0.94945193 | T10: 898.70216 | U10: 0.41098326 | V10: 0.48418997 | W10: 0.65492685 | X10: 0.51670003 | Y10: 0.10510923 | Z10: 0.011543457 | AA10: =TRUE() -> TRUE | AB10: =FALSE() -> FALSE | AC10: =TRUE() -> TRUE | AD10: 2
A11: 2187 | B11: 6.701794 | C11: 81.57964 | D11: 95.101319 | E11: 156.07291 | F11: 258.65958 | G11: 239.09077 | H11: 248.26954 | I11: 20.359493 | J11: 67.43762 | K11: 27.765352 | L11: 16.392645 | M11: 7.2641587 | N11: 2.6489871 | O11: 1 | P11: 0.56089513 | Q11: 0.50778967 | R11: 0.00096389622 | S11: 0.94906922 | T11: 882.34115 | U11: 0.44680661 | V11: 0.47108562 | W11: 0.6846763 | X11: 0.53418951 | Y11: -0.16272288 | Z11: 0.069668369 | AA11: =TRUE() -> TRUE | AB11: =FALSE() -> FALSE | AC11: =TRUE() -> TRUE | AD11: 2
A12: 2229 | B12: 2.4011976 | C12: 76.457983 | D12: 94.299553 | E12: 156.76331 | F12: 224.72717 | G12: 250.80212 | H12: 240.50508 | I12: 15.756054 | J12: 48.079331 | K12: 34.038482 | L12: 30.943217 | M12: 7.4821828 | N12: 5.1275238 | O12: 1 | P12: 0.34685478 | Q12: 0.6788335 | R12: 0.0011588998 | S12: 0.94991066 | T12: 991.3671 | U12: 0.56890877 | V12: 0.49989757 | W12: 0.48643285 | X12: 0.51841306 | Y12: 0.2052688 | Z12: 1.4071326 | AA12: =TRUE() -> TRUE | AB12: =FALSE() -> FALSE | AC12: =TRUE() -> TRUE | AD12: 2
A13: 2504 | B13: 5.3940999 | C13: 78.053319 | D13: 99.283759 | E13: 161.10903 | F13: 241.8373 | G13: 249.2378 | H13: 240.77493 | I13: 39.485858 | J13: 89.696261 | K13: 35.736697 | L13: 28.59984 | M13: 5.9820157 | N13: 5.4199937 | O13: 1 | P13: 0.3604983 | Q13: 0.60356877 | R13: 0.001847375 | S13: 0.93591947 | T13: 804.97844 | U13: 1 | V13: 0.020823601 | W13: 0.82534604 | X13: 0.61538988 | Y13: -4.1133957 | Z13: 1.9751788 | AA13: =TRUE() -> TRUE | AB13: =FALSE() -> FALSE | AC13: =TRUE() -> TRUE | AD13: 0
... A16: 2746 | B16: 3.4184225 | C16: 81.051565 | D16: 95.061175 | E16: 132.92672 | F16: 242.60192 | G16: 257.96608 | H16: 225.62538 | I16: 16.269308 | J16: 51.851393 | K16: 15.378691 | L16: 27.293692 | M16: 3.7035657 | N16: 3.8755707 | O16: 1 | P16: 0.34180792 | Q16: 0.52999785 | R16: 0.0006204127 | S16: 0.95530776 | T16: 972.00129 | U16: 0.23173318 | V16: 0.68470028 | W16: 0.52164598 | X16: 0.47935981 | Y16: 1.8796601 | Z16: -0.25171629 | AA16: =TRUE() -> TRUE | AB16: =FALSE() -> FALSE | AC16: =TRUE() -> TRUE | AD16: 1
A17: 3000 | B17: 6 | C17: 80 | D17: 90 | E17: 130 | F17: 230 | G17: 240 | H17: 250 | I17: 30 | J17: 60 | K17: 25 | L17: 25 | M17: 5 | N17: 5 | O17: 1 | P17: 0.5 | Q17: 0.5 | R17: 0.00086899695 | S17: 0.94728409 | T17: 878.00189 | U17: 0.38738509 | V17: 0.40996079 | W17: 0.69256645 | X17: 0.49663744 | Y17: -0.21162111 | Z17: -0.28743864 | AA17: =FALSE() -> FALSE | AB17: =TRUE() -> TRUE | AC17: =TRUE() -> TRUE | AD17: -1

Sheet Panel_Raw
A1: idx | B1: schedule_label | C1: schedule_type | D1: replicate_id | E1: chef_id | F1: C_sens | G1: J_sens | H1: R_sens | I1: C_norm | J1: J_norm | K1: R_norm | L1: is_chef | M1: is_mario | N1: is_pareto | O1: is_exp_test | P1: cluster_id
A2: 109 | B2: Test schedule 109 | C2: Pareto test | D2: 1 | E2: 1 | F2: 2 | G2: 7 | H2: 7 | I2: 0.28042131 | J2: 0.52459601 | K2: 0.6779273 | L2: =FALSE() -> 0 | M2: =FALSE() -> 0 | N2: =TRUE() -> 1 | O2: =TRUE() -> 1 | P2: 2
A3: 109 | B3: Test schedule 109 | C3: Pareto test | D3: 1 | E3: 2 | F3: 4 | G3: 8 | H3: 6 | I3: 0.28042131 | J3: 0.52459601 | K3: 0.6779273 | L3: =FALSE() -> 0 | M3: =FALSE() -> 0 | N3: =TRUE() -> 1 | O3: =TRUE() -> 1 | P3: 2
A4: 109 | B4: Test schedule 109 | C4: Pareto test | D4: 1 | E4: 3 | F4: 3 | G4: 9 | H4: 7 | I4: 0.28042131 | J4: 0.52459601 | K4: 0.6779273 | L4: =FALSE() -> 0 | M4: =FALSE() -> 0 | N4: =TRUE() -> 1 | O4: =TRUE() -> 1 | P4: 2
A5: 109 | B5: Test schedule 109 | C5: Pareto test | D5: 1 | E5: 4 | F5: 3 | G5: 8 | H5: 6 | I5: 0.28042131 | J5: 0.52459601 | K5: 0.6779273 | L5: =FALSE() -> 0 | M5: =FALSE() -> 0 | N5: =TRUE() -> 1 | O5: =TRUE() -> 1 | P5: 2
A6: 109 | B6: Test schedule 109 | C6: Pareto test | D6: 1 | E6: 5 | F6: 3 | G6: 10 | H6: 7 | I6: 0.28042131 | J6: 0.52459601 | K6: 0.6779273 | L6: =FALSE() -> 0 | M6: =FALSE() -> 0 | N6: =TRUE() -> 1 | O6: =TRUE() -> 1 | P6: 2
A7: 109 | B7: Test schedule 109 | C7: Pareto test | D7: 1 | E7: 6 | F7: 3 | G7: 9 | H7: 7 | I7: 0.28042131 | J7: 0.52459601 | K7: 0.6779273 | L7: =FALSE() -> 0 | M7: =FALSE() -> 0 | N7: =TRUE() -> 1 | O7: =TRUE() -> 1 | P7: 2
A8: 109 | B8: Test schedule 109 | C8: Pareto test | D8: 1 | E8: 7 | F8: 5 | G8: 8 | H8: 7 | I8: 0.28042131 | J8: 0.52459601 | K8: 0.6779273 | L8: =FALSE() -> 0 | M8: =FALSE() -> 0 | N8: =TRUE() -> 1 | O8: =TRUE() -> 1 | P8: 2
A9: 109 | B9: Test schedule 109 | C9: Pareto test | D9: 1 | E9: 8 | F9: 2 | G9: 9 | H9: 9 | I9: 0.28042131 | J9: 0.52459601 | K9: 0.6779273 | L9: =FALSE() -> 0 | M9: =FALSE() -> 0 | N9: =TRUE() -> 1 | O9: =TRUE() -> 1 | P9: 2
A10: 109 | B10: Test schedule 109 | C10: Pareto test | D10: 1 | E10: 9 | F10: 3 | G10: 9 | H10: 7 | I10: 0.28042131 | J10: 0.52459601 | K10: 0.6779273 | L10: =FALSE() -> 0 | M10: =FALSE() -> 0 | N10: =TRUE() -> 1 | O10: =TRUE() -> 1 | P10: 2
A11: 109 | B11: Test schedule 109 | C11: Pareto test | D11: 1 | E11: 10 | F11: 3 | G11: 10 | H11: 7 | I11: 0.28042131 | J11: 0.52459601 | K11: 0.6779273 | L11: =FALSE() -> 0 | M11: =FALSE() -> 0 | N11: =TRUE() -> 1 | O11: =TRUE() -> 1 | P11: 2
A12: 109 | B12: Test schedule 109 | C12: Pareto test | D12: 2 | E12: 1 | F12: 3 | G12: 9 | H12: 7 | I12: 0.28042131 | J12: 0.52459601 | K12: 0.6779273 | L12: =FALSE() -> 0 | M12: =FALSE() -> 0 | N12: =TRUE() -> 1 | O12: =TRUE() -> 1 | P12: 2
A13: 109 | B13: Test schedule 109 | C13: Pareto test | D13: 2 | E13: 2 | F13: 3 | G13: 10 | H13: 6 | I13: 0.28042131 | J13: 0.52459601 | K13: 0.6779273 | L13: =FALSE() -> 0 | M13: =FALSE() -> 0 | N13: =TRUE() -> 1 | O13: =TRUE() -> 1 | P13: 2
... A81: 600 | B81: Test schedule 600 | C81: Pareto test | D81: 2 | E81: 10 | F81: 5 | G81: 3 | H81: 6 | I81: 0.48900137 | J81: 0.46586768 | K81: 0.61812688 | L81: =FALSE() -> 0 | M81: =FALSE() -> 0 | N81: =TRUE() -> 1 | O81: =TRUE() -> 1 | P81: 2
A82: 682 | B82: Chef schedule | C82: Chef | D82: 1 | E82: 1 | F82: 5 | G82: 3 | H82: 7 | I82: 0.38230214 | J82: 0.41560091 | K82: 0.80729451 | L82: =TRUE() -> 1 | M82: =FALSE() -> 0 | N82: =TRUE() -> 1 | O82: =FALSE() -> 0 | P82: 2
A83: 682 | B83: Chef schedule | C83: Chef | D83: 1 | E83: 2 | F83: 2 | G83: 2 | H83: 7 | I83: 0.38230214 | J83: 0.41560091 | K83: 0.80729451 | L83: =TRUE() -> 1 | M83: =FALSE() -> 0 | N83: =TRUE() -> 1 | O83: =FALSE() -> 0 | P83: 2
A84: 682 | B84: Chef schedule | C84: Chef | D84: 1 | E84: 3 | F84: 4 | G84: 3 | H84: 9 | I84: 0.38230214 | J84: 0.41560091 | K84: 0.80729451 | L84: =TRUE() -> 1 | M84: =FALSE() -> 0 | N84: =TRUE() -> 1 | O84: =FALSE() -> 0 | P84: 2
A85: 682 | B85: Chef schedule | C85: Chef | D85: 1 | E85: 4 | F85: 5 | G85: 4 | H85: 7 | I85: 0.38230214 | J85: 0.41560091 | K85: 0.80729451 | L85: =TRUE() -> 1 | M85: =FALSE() -> 0 | N85: =TRUE() -> 1 | O85: =FALSE() -> 0 | P85: 2
A86: 682 | B86: Chef schedule | C86: Chef | D86: 1 | E86: 5 | F86: 1 | G86: 3 | H86: 7 | I86: 0.38230214 | J86: 0.41560091 | K86: 0.80729451 | L86: =TRUE() -> 1 | M86: =FALSE() -> 0 | N86: =TRUE() -> 1 | O86: =FALSE() -> 0 | P86: 2
A87: 682 | B87: Chef schedule | C87: Chef | D87: 1 | E87: 6 | F87: 4 | G87: 3 | H87: 7 | I87: 0.38230214 | J87: 0.41560091 | K87: 0.80729451 | L87: =TRUE() -> 1 | M87: =FALSE() -> 0 | N87: =TRUE() -> 1 | O87: =FALSE() -> 0 | P87: 2
A88: 682 | B88: Chef schedule | C88: Chef | D88: 1 | E88: 7 | F88: 4 | G88: 3 | H88: 8 | I88: 0.38230214 | J88: 0.41560091 | K88: 0.80729451 | L88: =TRUE() -> 1 | M88: =FALSE() -> 0 | N88: =TRUE() -> 1 | O88: =FALSE() -> 0 | P88: 2
A89: 682 | B89: Chef schedule | C89: Chef | D89: 1 | E89: 8 | F89: 5 | G89: 3 | H89: 6 | I89: 0.38230214 | J89: 0.41560091 | K89: 0.80729451 | L89: =TRUE() -> 1 | M89: =FALSE() -> 0 | N89: =TRUE() -> 1 | O89: =FALSE() -> 0 | P89: 2
A90: 682 | B90: Chef schedule | C90: Chef | D90: 1 | E90: 9 | F90: 3 | G90: 2 | H90: 5 | I90: 0.38230214 | J90: 0.41560091 | K90: 0.80729451 | L90: =TRUE() -> 1 | M90: =FALSE() -> 0 | N90: =TRUE() -> 1 | O90: =FALSE() -> 0 | P90: 2
A91: 682 | B91: Chef schedule | C91: Chef | D91: 1 | E91: 10 | F91: 4 | G91: 6 | H91: 6 | I91: 0.38230214 | J91: 0.41560091 | K91: 0.80729451 | L91: =TRUE() -> 1 | M91: =FALSE() -> 0 | N91: =TRUE() -> 1 | O91: =FALSE() -> 0 | P91: 2
A92: 682 | B92: Chef schedule | C92: Chef | D92: 2 | E92: 1 | F92: 5 | G92: 5 | H92: 7 | I92: 0.38230214 | J92: 0.41560091 | K92: 0.80729451 | L92: =TRUE() -> 1 | M92: =FALSE() -> 0 | N92: =TRUE() -> 1 | O92: =FALSE() -> 0 | P92: 2
A93: 682 | B93: Chef schedule | C93: Chef | D93: 2 | E93: 2 | F93: 3 | G93: 4 | H93: 8 | I93: 0.38230214 | J93: 0.41560091 | K93: 0.80729451 | L93: =TRUE() -> 1 | M93: =FALSE() -> 0 | N93: =TRUE() -> 1 | O93: =FALSE() -> 0 | P93: 2
... A111: 682 | B111: Chef schedule | C111: Chef | D111: 3 | E111: 10 | F111: 2 | G111: 2 | H111: 8 | I111: 0.38230214 | J111: 0.41560091 | K111: 0.80729451 | L111: =TRUE() -> 1 | M111: =FALSE() -> 0 | N111: =TRUE() -> 1 | O111: =FALSE() -> 0 | P111: 2
A112: 851 | B112: Test schedule 851 | C112: Pareto test | D112: 1 | E112: 1 | F112: 7 | G112: 5 | H112: 7 | I112: 0.70456418 | J112: 0.36732626 | K112: 0.65251452 | L112: =FALSE() -> 0 | M112: =FALSE() -> 0 | N112: =TRUE() -> 1 | O112: =TRUE() -> 1 | P112: 0
A113: 851 | B113: Test schedule 851 | C113: Pareto test | D113: 1 | E113: 2 | F113: 7 | G113: 8 | H113: 6 | I113: 0.70456418 | J113: 0.36732626 | K113: 0.65251452 | L113: =FALSE() -> 0 | M113: =FALSE() -> 0 | N113: =TRUE() -> 1 | O113: =TRUE() -> 1 | P113: 0
A114: 851 | B114: Test schedule 851 | C114: Pareto test | D114: 1 | E114: 3 | F114: 9 | G114: 9 | H114: 8 | I114: 0.70456418 | J114: 0.36732626 | K114: 0.65251452 | L114: =FALSE() -> 0 | M114: =FALSE() -> 0 | N114: =TRUE() -> 1 | O114: =TRUE() -> 1 | P114: 0
A115: 851 | B115: Test schedule 851 | C115: Pareto test | D115: 1 | E115: 4 | F115: 9 | G115: 9 | H115: 9 | I115: 0.70456418 | J115: 0.36732626 | K115: 0.65251452 | L115: =FALSE() -> 0 | M115: =FALSE() -> 0 | N115: =TRUE() -> 1 | O115: =TRUE() -> 1 | P115: 0
A116: 851 | B116: Test schedule 851 | C116: Pareto test | D116: 1 | E116: 5 | F116: 6 | G116: 8 | H116: 7 | I116: 0.70456418 | J116: 0.36732626 | K116: 0.65251452 | L116: =FALSE() -> 0 | M116: =FALSE() -> 0 | N116: =TRUE() -> 1 | O116: =TRUE() -> 1 | P116: 0
A117: 851 | B117: Test schedule 851 | C117: Pareto test | D117: 1 | E117: 6 | F117: 6 | G117: 8 | H117: 7 | I117: 0.70456418 | J117: 0.36732626 | K117: 0.65251452 | L117: =FALSE() -> 0 | M117: =FALSE() -> 0 | N117: =TRUE() -> 1 | O117: =TRUE() -> 1 | P117: 0
A118: 851 | B118: Test schedule 851 | C118: Pareto test | D118: 1 | E118: 7 | F118: 8 | G118: 8 | H118: 7 | I118: 0.70456418 | J118: 0.36732626 | K118: 0.65251452 | L118: =FALSE() -> 0 | M118: =FALSE() -> 0 | N118: =TRUE() -> 1 | O118: =TRUE() -> 1 | P118: 0
A119: 851 | B119: Test schedule 851 | C119: Pareto test | D119: 1 | E119: 8 | F119: 8 | G119: 8 | H119: 6 | I119: 0.70456418 | J119: 0.36732626 | K119: 0.65251452 | L119: =FALSE() -> 0 | M119: =FALSE() -> 0 | N119: =TRUE() -> 1 | O119: =TRUE() -> 1 | P119: 0
A120: 851 | B120: Test schedule 851 | C120: Pareto test | D120: 1 | E120: 9 | F120: 8 | G120: 7 | H120: 8 | I120: 0.70456418 | J120: 0.36732626 | K120: 0.65251452 | L120: =FALSE() -> 0 | M120: =FALSE() -> 0 | N120: =TRUE() -> 1 | O120: =TRUE() -> 1 | P120: 0
A121: 851 | B121: Test schedule 851 | C121: Pareto test | D121: 1 | E121: 10 | F121: 7 | G121: 6 | H121: 7 | I121: 0.70456418 | J121: 0.36732626 | K121: 0.65251452 | L121: =FALSE() -> 0 | M121: =FALSE() -> 0 | N121: =TRUE() -> 1 | O121: =TRUE() -> 1 | P121: 0
A122: 851 | B122: Test schedule 851 | C122: Pareto test | D122: 2 | E122: 1 | F122: 5 | G122: 9 | H122: 8 | I122: 0.70456418 | J122: 0.36732626 | K122: 0.65251452 | L122: =FALSE() -> 0 | M122: =FALSE() -> 0 | N122: =TRUE() -> 1 | O122: =TRUE() -> 1 | P122: 0
A123: 851 | B123: Test schedule 851 | C123: Pareto test | D123: 2 | E123: 2 | F123: 7 | G123: 7 | H123: 8 | I123: 0.70456418 | J123: 0.36732626 | K123: 0.65251452 | L123: =FALSE() -> 0 | M123: =FALSE() -> 0 | N123: =TRUE() -> 1 | O123: =TRUE() -> 1 | P123: 0
... A331: 2746 | B331: Test schedule 2746 | C331: Pareto test | D331: 2 | E331: 10 | F331: 2 | G331: 8 | H331: 5 | I331: 0.23173318 | J331: 0.68470028 | K331: 0.52164598 | L331: =FALSE() -> 0 | M331: =FALSE() -> 0 | N331: =TRUE() -> 1 | O331: =TRUE() -> 1 | P331: 1
A332: 3000 | B332: Reference schedule | C332: Reference | D332: 1 | E332: 1 | F332: 3 | G332: 2 | H332: 5 | I332: 0.38738509 | J332: 0.40996079 | K332: 0.69256645 | L332: =FALSE() -> 0 | M332: =TRUE() -> 1 | N332: =FALSE() -> 0 | O332: =TRUE() -> 1 | P332: -1
A333: 3000 | B333: Reference schedule | C333: Reference | D333: 1 | E333: 2 | F333: 1 | G333: 2 | H333: 9 | I333: 0.38738509 | J333: 0.40996079 | K333: 0.69256645 | L333: =FALSE() -> 0 | M333: =TRUE() -> 1 | N333: =FALSE() -> 0 | O333: =TRUE() -> 1 | P333: -1
A334: 3000 | B334: Reference schedule | C334: Reference | D334: 1 | E334: 3 | F334: 2 | G334: 3 | H334: 8 | I334: 0.38738509 | J334: 0.40996079 | K334: 0.69256645 | L334: =FALSE() -> 0 | M334: =TRUE() -> 1 | N334: =FALSE() -> 0 | O334: =TRUE() -> 1 | P334: -1
A335: 3000 | B335: Reference schedule | C335: Reference | D335: 1 | E335: 4 | F335: 4 | G335: 0 | H335: 6 | I335: 0.38738509 | J335: 0.40996079 | K335: 0.69256645 | L335: =FALSE() -> 0 | M335: =TRUE() -> 1 | N335: =FALSE() -> 0 | O335: =TRUE() -> 1 | P335: -1
A336: 3000 | B336: Reference schedule | C336: Reference | D336: 1 | E336: 5 | F336: 5 | G336: 2 | H336: 6 | I336: 0.38738509 | J336: 0.40996079 | K336: 0.69256645 | L336: =FALSE() -> 0 | M336: =TRUE() -> 1 | N336: =FALSE() -> 0 | O336: =TRUE() -> 1 | P336: -1
A337: 3000 | B337: Reference schedule | C337: Reference | D337: 1 | E337: 6 | F337: 4 | G337: 3 | H337: 7 | I337: 0.38738509 | J337: 0.40996079 | K337: 0.69256645 | L337: =FALSE() -> 0 | M337: =TRUE() -> 1 | N337: =FALSE() -> 0 | O337: =TRUE() -> 1 | P337: -1
A338: 3000 | B338: Reference schedule | C338: Reference | D338: 1 | E338: 7 | F338: 2 | G338: 2 | H338: 7 | I338: 0.38738509 | J338: 0.40996079 | K338: 0.69256645 | L338: =FALSE() -> 0 | M338: =TRUE() -> 1 | N338: =FALSE() -> 0 | O338: =TRUE() -> 1 | P338: -1
A339: 3000 | B339: Reference schedule | C339: Reference | D339: 1 | E339: 8 | F339: 4 | G339: 1 | H339: 7 | I339: 0.38738509 | J339: 0.40996079 | K339: 0.69256645 | L339: =FALSE() -> 0 | M339: =TRUE() -> 1 | N339: =FALSE() -> 0 | O339: =TRUE() -> 1 | P339: -1
A340: 3000 | B340: Reference schedule | C340: Reference | D340: 1 | E340: 9 | F340: 2 | G340: 1 | H340: 6 | I340: 0.38738509 | J340: 0.40996079 | K340: 0.69256645 | L340: =FALSE() -> 0 | M340: =TRUE() -> 1 | N340: =FALSE() -> 0 | O340: =TRUE() -> 1 | P340: -1
A341: 3000 | B341: Reference schedule | C341: Reference | D341: 1 | E341: 10 | F341: 3 | G341: 1 | H341: 6 | I341: 0.38738509 | J341: 0.40996079 | K341: 0.69256645 | L341: =FALSE() -> 0 | M341: =TRUE() -> 1 | N341: =FALSE() -> 0 | O341: =TRUE() -> 1 | P341: -1
A342: 3000 | B342: Reference schedule | C342: Reference | D342: 2 | E342: 1 | F342: 3 | G342: 3 | H342: 6 | I342: 0.38738509 | J342: 0.40996079 | K342: 0.69256645 | L342: =FALSE() -> 0 | M342: =TRUE() -> 1 | N342: =FALSE() -> 0 | O342: =TRUE() -> 1 | P342: -1
A343: 3000 | B343: Reference schedule | C343: Reference | D343: 2 | E343: 2 | F343: 3 | G343: 4 | H343: 8 | I343: 0.38738509 | J343: 0.40996079 | K343: 0.69256645 | L343: =FALSE() -> 0 | M343: =TRUE() -> 1 | N343: =FALSE() -> 0 | O343: =TRUE() -> 1 | P343: -1
... A361: 3000 | B361: Reference schedule | C361: Reference | D361: 3 | E361: 10 | F361: 1 | G361: 2 | H361: 7 | I361: 0.38738509 | J361: 0.40996079 | K361: 0.69256645 | L361: =FALSE() -> 0 | M361: =TRUE() -> 1 | N361: =FALSE() -> 0 | O361: =TRUE() -> 1 | P361: -1

Sheet Panel_Summary
A1: idx | B1: schedule_label | C1: schedule_type | D1: C_mean | E1: C_sd | F1: C_norm | G1: J_mean | H1: J_sd | I1: J_norm | J1: R_mean | K1: R_sd | L1: R_norm
A2: 109 | B2: Test schedule 109 | C2: Pareto test | D2: 3.05 | E2: 0.76 | F2: 0.28042131 | G2: 8.45 | H2: 1.05 | I2: 0.52459601 | J2: 7.25 | K2: 0.91 | L2: 0.6779273
A3: 384 | B3: Test schedule 384 | C3: Pareto test | D3: 3.25 | E3: 1.25 | F3: 0.15602726 | G3: 7.7 | H3: 1.17 | I3: 0.84835525 | J3: 2.75 | K3: 0.85 | L3: 0.13104097
A4: 455 | B4: Test schedule 455 | C4: Pareto test | D4: 9.2 | E4: 1.01 | F4: 0.51798863 | G4: 4.6 | H4: 0.82 | I4: 0.28161547 | J4: 9.6 | K4: 0.75 | L4: 0.84896936
A5: 600 | B5: Test schedule 600 | C5: Pareto test | D5: 7.4 | E5: 1.27 | F5: 0.48900137 | G5: 4.05 | H5: 1.1 | I5: 0.46586768 | J5: 6.45 | K5: 1.28 | L5: 0.61812688
A6: 682 | B6: Chef schedule | C6: Chef | D6: 3.83 | E6: 1.09 | F6: 0.38230214 | G6: 2.93 | H6: 1.2 | I6: 0.41560091 | J6: 6.97 | K6: 0.93 | L6: 0.80729451
A7: 851 | B7: Test schedule 851 | C7: Pareto test | D7: 7.3 | E7: 1.17 | F7: 0.70456418 | G7: 7.65 | H7: 1.18 | I7: 0.36732626 | J7: 7.25 | K7: 0.97 | L7: 0.65251452
A8: 1168 | B8: Test schedule 1168 | C8: Pareto test | D8: 4.95 | E8: 0.83 | F8: 0.33083193 | G8: 9.2 | H8: 0.83 | I8: 0.54501516 | J8: 8.1 | K8: 1.37 | L8: 0.64851209
A9: 1198 | B9: Test schedule 1198 | C9: Pareto test | D9: 7.55 | E9: 1.05 | F9: 0.61723231 | G9: 5.65 | H9: 0.93 | I9: 0.2152745 | J9: 7.85 | K9: 1.18 | L9: 0.89144355
A10: 1873 | B10: Test schedule 1873 | C10: Pareto test | D10: 0.55 | E10: 0.76 | F10: 0 | G10: 10 | H10: 0 | I10: 1 | J10: 1.15 | K10: 0.88 | L10: 0
A11: 2123 | B11: Test schedule 2123 | C11: Pareto test | D11: 3.2 | E11: 0.83 | F11: 0.41098326 | G11: 5.05 | H11: 1.32 | I11: 0.48418997 | J11: 7.7 | K11: 0.98 | L11: 0.65492685
A12: 2187 | B12: Test schedule 2187 | C12: Pareto test | D12: 3.7 | E12: 1.22 | F12: 0.44680661 | G12: 5.4 | H12: 1.1 | I12: 0.47108562 | J12: 5.15 | K12: 1.04 | L12: 0.6846763
A13: 2229 | B13: Test schedule 2229 | C13: Pareto test | D13: 3.9 | E13: 1.17 | F13: 0.56890877 | G13: 6 | H13: 1.34 | I13: 0.49989757 | J13: 4.75 | K13: 1.07 | L13: 0.48643285
... A18: 3000 | B18: Reference schedule | C18: Reference | D18: 3.03 | E18: 1.16 | F18: 0.38738509 | G18: 2.27 | H18: 1.11 | I18: 0.40996079 | J18: 7.17 | K18: 0.99 | L18: 0.69256645

Sheet Aromatic pathways
A1: Species | B1: A_M | C1: A_L | D1: A_G | E1: A_S | F1: A_M_rel | G1: A_L_rel | H1: A_G_rel | I1: A_S_rel | J1: R_aroma
A2: Pig_JD | B2: 2.858359 | C2: 4.5967147 | D2: 0.055280272 | E2: 0.24692835 | F2: 0.36847427 | G2: 0.59256767 | H2: 0.0071262422 | I2: 0.031831812 | J2: 0.6985512
A3: Duck | B3: 2.398415 | C3: 5.683043 | D3: 0.067627776 | E3: 0.20444528 | F3: 0.28711392 | G3: 0.68031626 | H3: 0.0080957113 | I3: 0.024474114 | J3: 0.73887017

Sheet Representative final values
A1: Representative final-state values
B2: Pig | C2: Duck
A3: Surface Temperature | B3: 113.14867 | C3: 110.76777
A4: Core Temperature | B4: 43.516641 | C4: 77.238391
A5: Surface Moisture Ratio | B5: 0.39291704 | C5: 0.4156275
A6: Core Moisture Ratio | B6: 0.98720059 | C6: 0.97575807
A7: Mean Maillard Index | B7: 0.032183531 | C7: 0.029406104

Sheet Performance metrics for represe
A2: Schedule | B2: Crispness | C2: Juiciness | D2: Thermal Control | E2: Pareto Optimal | F2: idx
A3: Chef Schedule | B3: =candidates!U684 -> 0.38230214 | C3: =candidates!V684 -> 0.41560091 | D3: =candidates!W684 -> 0.80729451 | E3: =candidates!AA684 -> TRUE | F3: 682
A4: Best Crispness | B4: =candidates!U2506 -> 1 | C4: =candidates!V2506 -> 0.020823601 | D4: =candidates!W2506 -> 0.82534604 | E4: =candidates!AA2506 -> TRUE | F4: 2504
A5: Best Juiciness | B5: =candidates!U1875 -> 0 | C5: =candidates!V1875 -> 1 | D5: =candidates!W1875 -> 0 | E5: =candidates!AA1875 -> TRUE | F5: 1873
A6: Best Thermal Control | B6: =candidates!U68 -> 0.34300484 | C6: =candidates!V68 -> 0.20125064 | D6: =candidates!W68 -> 1 | E6: =candidates!AA68 -> TRUE | F6: 66
A7: Balanced Pareto Solution | B7: =candidates!U545 -> 0.99052029 | C7: =candidates!V545 -> 0.17218161 | D7: =candidates!W545 -> 0.83418472 | E7: =candidates!AA545 -> TRUE | F7: 543

Sheet Regression_Analysis
A1: Variable | B1: R2 | C1: r | D1: Slope | E1: Intercept | F1: MAE | G1: RMSE
A2: Crispness | B2: 0.56797077 | C2: 0.75363835 | D2: 7.7161798 | E2: 1.5074076 | F2: 1.2809979 | G2: 1.5682557
A3: Juiciness | B3: 0.44472321 | C3: 0.66687571 | D3: 7.4806742 | E3: 1.9364183 | F3: 1.5126897 | G3: 1.8938583
A4: OverallQuality | B4: 0.79288746 | C4: 0.89044228 | D4: 7.6449593 | E4: 1.7676978 | F4: 0.73578849 | G4: 0.91466934
